Timestamp,Gyro_X,Gyro_Y,Gyro_Z,Accel_X,Accel_Y,Accel_Z,Label
11000,1.8,-1.04,4.76,0.19,0.93,-0.11,Wrong
12000,1.28,0.73,8.12,0.28,0.94,0.01,Wrong
12541,1.22,2.62,1.28,0.07,0.41,0.93,Correct
12646,0.06,-1.04,2.26,0.01,0.98,0.08,Correct
13000,5.86,5.68,4.39,0.32,0.99,-0.15,Wrong
13541,0.61,1.59,1.83,0.13,0.43,0.89,Correct
14000,8.12,-6.16,2.81,0.11,1.03,-0.09,Wrong
14541,0.79,-1.28,1.34,0.14,0.43,0.88,Correct
15000,15.63,-11.47,2.38,0.06,0.97,0.16,Wrong
15541,0.55,-0.73,1.46,0.14,0.44,0.89,Correct
16000,-17.88,15.69,3.66,0.07,0.96,0.01,Wrong
16541,0.98,-0.79,1.34,0.15,0.43,0.89,Correct
17000,-0.98,-5.25,-4.27,0.16,0.98,-0.15,Wrong
17541,1.1,-2.44,1.22,0.13,0.43,0.89,Correct
18000,-2.5,-1.77,0.79,0.21,0.92,-0.08,Wrong
18541,0.73,-0.06,1.83,0.11,0.43,0.9,Correct
19000,2.26,-5.62,-1.95,0.19,0.93,-0.09,Wrong
19541,0.24,-0.37,1.53,0.11,0.43,0.9,Correct
20000,-0.98,5.43,5,0.23,0.95,-0.09,Wrong
20541,0.73,-0.55,1.22,0.12,0.43,0.9,Correct
21000,1.16,0.49,1.65,0.16,0.96,-0.1,Wrong
21541,0,2.01,1.34,0.11,0.43,0.9,Correct
22000,2.14,-0.49,1.89,0.17,0.95,-0.11,Wrong
22541,0.43,-0.31,1.4,0.13,0.43,0.89,Correct
23000,2.32,0.92,1.53,0.15,0.96,-0.1,Wrong
23541,0.55,-0.92,1.46,0.14,0.43,0.89,Correct
24000,0.73,0.18,1.95,0.15,0.96,-0.09,Wrong
24541,0.92,-0.92,1.34,0.13,0.43,0.89,Correct
25000,0,-0.37,1.53,0.16,0.97,-0.09,Wrong
25541,0.98,-1.1,1.34,0.13,0.43,0.89,Correct
26000,0.55,-0.98,1.22,0.15,0.96,-0.11,Wrong
26541,0.92,-0.61,1.59,0.13,0.43,0.89,Correct
27000,0.85,-1.4,1.1,0.15,0.96,-0.1,Wrong
27541,0.92,-0.67,1.59,0.13,0.43,0.89,Correct
28000,2.5,-1.28,1.83,0.17,0.96,-0.08,Wrong
28222,0.79,-0.37,1.77,0.12,0.13,0.99,Wrong
28541,0.92,-0.49,1.34,0.13,0.43,0.89,Correct
29000,0.24,-2.75,2.01,0.18,0.95,-0.06,Wrong
29222,0.73,-0.73,1.77,0.12,0.13,0.99,Wrong
29541,0.92,-0.92,1.4,0.13,0.43,0.89,Correct
30000,1.77,-1.4,2.01,0.14,0.97,-0.06,Wrong
30222,0.85,-0.67,1.53,0.12,0.13,0.99,Wrong
30541,0.61,-0.61,1.22,0.13,0.43,0.89,Correct
30646,1.22,-4.27,1.53,-0.07,0.86,0.49,Correct
31000,0.67,-1.59,0.67,0.13,0.97,-0.04,Wrong
31222,0.67,-0.73,1.53,0.12,0.13,0.99,Wrong
31541,0.92,-0.73,1.53,0.13,0.43,0.89,Correct
31646,0.79,-0.61,1.71,-0.08,0.86,0.48,Correct
32000,0.37,0.31,1.71,0.13,0.97,-0.05,Wrong
32222,0.85,-1.16,1.46,0.13,0.14,0.99,Wrong
32541,0.49,-0.85,1.4,0.13,0.43,0.89,Correct
32646,0.67,-0.85,1.59,-0.08,0.86,0.48,Correct
33000,0.31,-0.67,1.1,0.14,0.96,-0.05,Wrong
33222,0.98,-0.73,1.65,0.12,0.14,0.99,Wrong
33541,0.79,-1.28,1.34,0.13,0.43,0.89,Correct
33646,0.92,-1.04,1.4,-0.08,0.86,0.49,Correct
34000,1.59,-0.85,2.14,0.15,0.97,-0.05,Wrong
34222,0.73,-0.67,1.77,0.12,0.14,0.99,Wrong
34541,0.92,-0.85,1.46,0.12,0.43,0.89,Correct
34646,0.79,-1.1,1.53,-0.07,0.86,0.48,Correct
35000,1.04,-2.01,0.31,0.14,0.97,-0.05,Wrong
35222,0.67,-0.67,1.95,0.13,0.15,0.99,Wrong
35541,0.55,-0.92,1.4,0.13,0.43,0.89,Correct
35646,0.92,-0.55,1.46,-0.08,0.86,0.48,Correct
36000,0.37,-0.43,1.04,0.14,0.97,-0.05,Wrong
36222,0.92,-0.92,2.08,0.12,0.13,0.99,Wrong
36541,0.98,-0.92,1.46,0.12,0.43,0.9,Correct
36646,0.79,-0.85,1.65,-0.08,0.86,0.48,Correct
37000,1.22,-1.28,1.16,0.15,0.96,-0.06,Wrong
37222,0.85,-0.92,1.59,0.11,0.14,0.99,Wrong
37541,0.85,-0.73,1.46,0.12,0.43,0.89,Correct
37646,0.67,-0.18,1.53,-0.07,0.86,0.49,Correct
38000,0.73,-0.92,1.77,0.15,0.97,-0.05,Wrong
38222,0.79,-0.61,1.53,0.12,0.14,0.99,Wrong
38541,0.85,-0.55,1.59,0.13,0.43,0.89,Correct
38646,0.12,-3.91,0.55,-0.08,0.86,0.47,Correct
39000,1.16,-0.79,0.85,0.14,0.97,-0.04,Wrong
39222,0.85,-0.67,1.46,0.12,0.14,0.99,Wrong
39541,0.98,-0.92,1.34,0.13,0.43,0.89,Correct
39646,0.67,-0.98,1.22,-0.07,0.87,0.47,Correct
40000,0.73,-0.49,0.85,0.15,0.97,-0.03,Wrong
40222,0.73,-0.73,1.65,0.12,0.14,0.99,Wrong
40541,0.79,-0.79,1.28,0.12,0.43,0.89,Correct
40646,0.73,-0.61,1.59,-0.08,0.87,0.47,Correct
41000,1.65,-0.98,1.83,0.13,0.97,-0.03,Wrong
41222,0.98,-0.85,1.59,0.12,0.14,0.99,Wrong
41541,0.79,-0.55,1.53,0.13,0.43,0.9,Correct
41646,0.92,-0.92,1.59,-0.08,0.87,0.47,Correct
42000,0.37,-0.79,1.77,0.14,0.97,-0.04,Wrong
42222,0.85,-0.92,1.4,0.12,0.14,0.99,Wrong
42541,0.92,-0.37,1.46,0.12,0.43,0.89,Correct
42646,0.67,-0.98,1.77,-0.08,0.87,0.47,Correct
43000,2.62,-1.95,0.37,0.14,0.96,-0.04,Wrong
43222,0.73,-0.67,1.53,0.12,0.14,0.99,Wrong
43541,1.34,-2.08,1.28,0.13,0.43,0.88,Correct
43646,0.98,-1.04,1.4,-0.08,0.87,0.46,Correct
44000,0.06,-0.79,1.22,0.13,0.97,-0.04,Wrong
44222,0.61,-0.55,1.53,0.12,0.14,0.99,Wrong
44541,0.92,-0.12,1.46,0.12,0.44,0.9,Correct
44646,0.92,-0.43,1.46,-0.08,0.87,0.47,Correct
45000,1.04,0,1.53,0.13,0.98,-0.06,Wrong
45222,0.73,-0.61,1.46,0.12,0.14,0.99,Wrong
45541,0.79,-0.61,1.65,0.13,0.43,0.89,Correct
45646,0.85,-0.55,1.83,-0.08,0.87,0.47,Correct
46000,1.28,-1.22,0.98,0.13,0.96,-0.04,Wrong
46222,0.85,-0.85,1.65,0.12,0.14,0.99,Wrong
46541,0.79,-0.61,1.65,0.12,0.43,0.89,Correct
46646,0.67,-1.16,1.89,-0.08,0.87,0.47,Correct
47000,1.16,-0.92,0.92,0.11,0.97,-0.05,Wrong
47222,0.67,-0.67,1.4,0.12,0.14,0.99,Wrong
47541,0.79,-0.92,1.46,0.13,0.43,0.89,Correct
47646,0.43,15.56,1.28,-0.08,0.87,0.46,Correct
48000,0.43,0.43,1.77,0.13,0.97,-0.05,Wrong
48222,0.92,-0.79,1.46,0.12,0.14,0.99,Wrong
48541,0.79,-0.67,1.53,0.13,0.43,0.89,Correct
48646,1.16,-2.14,1.16,-0.07,0.87,0.45,Correct
49000,0.61,-0.49,1.65,0.13,0.97,-0.06,Wrong
49222,0.79,-0.43,1.53,0.12,0.14,0.99,Wrong
49541,0.73,-0.79,1.4,0.13,0.43,0.89,Correct
49646,2.5,-1.83,1.53,-0.08,0.87,0.47,Correct
50000,0.61,-0.79,1.1,0.13,0.97,-0.05,Wrong
50222,0.61,-0.73,1.34,0.12,0.14,0.99,Wrong
50541,0.79,-0.67,1.59,0.13,0.43,0.89,Correct
50646,0.31,5.37,2.14,-0.06,0.87,0.45,Correct
51000,0.55,-0.73,1.46,0.13,0.97,-0.05,Wrong
51222,0.92,-0.73,1.53,0.12,0.14,0.99,Wrong
51541,0.61,-0.67,1.53,0.13,0.43,0.89,Correct
51646,1.71,3.54,0.92,-0.02,0.88,0.47,Correct
52000,0.79,-0.79,1.4,0.12,0.97,-0.06,Wrong
52222,0.92,-0.79,1.71,0.12,0.14,0.99,Wrong
52531,0.85,-0.79,1.59,0.11,0.1,1,Wrong
52541,0.73,-1.04,1.28,0.13,0.43,0.89,Correct
52646,1.04,-2.14,1.95,-0.03,0.87,0.49,Correct
53000,0.73,-0.43,1.53,0.12,0.97,-0.05,Wrong
53222,0.79,-0.85,1.4,0.12,0.14,0.99,Wrong
53531,0.73,-0.79,1.83,0.11,0.09,1,Wrong
53541,1.04,-0.49,1.46,0.13,0.43,0.9,Correct
53646,0.85,-1.4,1.34,-0.04,0.87,0.46,Correct
54000,0.73,-0.73,1.59,0.13,0.97,-0.06,Wrong
54222,0.85,-0.73,1.46,0.12,0.14,0.99,Wrong
54531,0.73,-0.98,1.28,0.11,0.1,1,Wrong
54541,0.85,-0.55,1.46,0.12,0.43,0.89,Correct
54646,1.1,-0.73,1.53,-0.05,0.87,0.46,Correct
55000,0.49,-0.67,1.16,0.12,0.97,-0.05,Wrong
55222,0.92,-0.73,1.46,0.12,0.14,0.99,Wrong
55531,0.73,-0.67,1.65,0.11,0.09,1,Wrong
55541,0.92,-0.79,1.16,0.13,0.43,0.89,Correct
55646,0.61,-0.61,1.53,-0.05,0.87,0.47,Correct
56000,0.73,-0.73,1.71,0.12,0.97,-0.06,Wrong
56222,0.67,-0.73,1.46,0.12,0.14,0.99,Wrong
56531,0.61,-0.98,1.34,0.11,0.1,1,Wrong
56541,1.04,-0.92,1.34,0.13,0.43,0.89,Correct
56646,0.98,-0.85,1.71,-0.05,0.87,0.47,Correct
57000,0.85,-0.55,1.53,0.12,0.97,-0.06,Wrong
57222,0.61,-0.85,1.46,0.12,0.14,0.99,Wrong
57531,0.85,-0.85,1.59,0.11,0.09,1,Wrong
57541,0.98,-0.98,1.4,0.13,0.43,0.89,Correct
57646,1.04,-0.37,1.46,-0.05,0.87,0.46,Correct
58000,0.98,-0.92,1.46,0.13,0.97,-0.06,Wrong
58222,0.98,-0.73,1.65,0.12,0.14,0.99,Wrong
58531,0.79,-0.73,1.65,0.11,0.1,1,Wrong
58541,0.73,-0.61,1.46,0.13,0.43,0.9,Correct
58646,0.98,-0.24,1.4,-0.05,0.87,0.46,Correct
59000,0.55,-0.98,1.04,0.12,0.97,-0.06,Wrong
59222,0.79,-0.85,1.59,0.12,0.14,0.99,Wrong
59531,0.85,-0.92,1.65,0.11,0.1,1,Wrong
59541,0.73,-0.31,1.46,0.12,0.43,0.89,Correct
59646,0.55,-0.18,1.83,-0.04,0.87,0.46,Correct
60000,0.92,-0.24,1.65,0.12,0.97,-0.05,Wrong
60222,0.98,-0.85,1.53,0.12,0.14,0.99,Wrong
60531,0.85,-1.1,1.53,0.11,0.09,1,Wrong
60541,0.79,-0.67,1.4,0.13,0.43,0.9,Correct
60646,1.34,-0.79,1.71,-0.05,0.87,0.47,Correct
61000,0.67,-0.31,1.46,0.13,0.97,-0.05,Wrong
61222,0.79,-0.85,1.34,0.12,0.14,0.99,Wrong
61531,0.98,-0.79,1.89,0.11,0.09,1,Wrong
61541,0.79,-0.85,1.34,0.13,0.43,0.89,Correct
61646,0.79,-0.49,1.71,-0.04,0.87,0.46,Correct
62000,0.49,-0.12,1.77,0.13,0.97,-0.05,Wrong
62222,0.79,-0.85,1.77,0.12,0.14,0.99,Wrong
62531,0.73,-0.55,1.83,0.11,0.1,1,Wrong
62541,0.92,-0.73,1.16,0.13,0.43,0.89,Correct
62646,0.92,-1.1,1.59,-0.05,0.87,0.46,Correct
63000,0.31,-0.61,1.4,0.12,0.97,-0.05,Wrong
63222,0.73,-0.92,1.65,0.12,0.14,0.99,Wrong
63531,1.04,-0.67,1.71,0.11,0.09,1,Wrong
63541,0.92,-0.55,1.34,0.12,0.43,0.89,Correct
63646,0.85,-1.22,1.4,-0.04,0.87,0.46,Correct
64000,0.67,0.43,1.4,0.12,0.97,-0.05,Wrong
64222,0.79,-0.61,1.4,0.12,0.14,0.99,Wrong
64531,0.92,-0.85,1.95,0.11,0.09,1,Wrong
64541,0.98,-0.79,1.46,0.13,0.43,0.89,Correct
64646,0.43,-1.53,1.34,-0.05,0.87,0.46,Correct
65000,0.73,-0.98,1.4,0.12,0.97,-0.05,Wrong
65222,0.79,-0.73,1.46,0.12,0.14,0.99,Wrong
65531,0.73,-0.73,1.59,0.11,0.09,1,Wrong
65541,0.79,-0.79,1.46,0.13,0.43,0.89,Correct
65646,0.24,-0.61,1.65,-0.04,0.88,0.46,Correct
66000,0.67,-1.16,1.34,0.12,0.97,-0.06,Wrong
66222,0.85,-0.73,1.59,0.12,0.14,0.99,Wrong
66531,0.85,-0.85,1.83,0.11,0.09,1,Wrong
66541,0.67,-1.04,1.53,0.13,0.43,0.89,Correct
66646,0.67,-0.31,1.65,-0.05,0.87,0.46,Correct
67000,0.85,-0.49,1.46,0.12,0.97,-0.06,Wrong
67222,0.85,-0.55,1.46,0.12,0.14,0.99,Wrong
67531,0.61,-0.55,1.53,0.11,0.1,1,Wrong
67541,0.73,-0.98,1.34,0.12,0.43,0.89,Correct
67646,0.85,-1.22,1.46,-0.05,0.87,0.46,Correct
68000,0.43,-0.24,1.34,0.12,0.97,-0.06,Wrong
68222,0.79,-0.73,1.77,0.12,0.14,0.99,Wrong
68531,0.98,-1.4,1.71,0.11,0.09,1,Wrong
68541,0.73,-1.34,1.4,0.12,0.43,0.89,Correct
68646,0.61,-0.73,1.4,-0.05,0.88,0.46,Correct
69000,0.92,-0.79,0.92,0.12,0.97,-0.06,Wrong
69222,0.61,-0.73,1.71,0.12,0.14,0.99,Wrong
69531,0.92,-0.67,1.71,0.11,0.09,1,Wrong
69541,0.67,-0.49,1.53,0.13,0.43,0.89,Correct
69646,0.85,-0.73,1.34,-0.05,0.88,0.46,Correct
70000,0.92,-0.73,1.4,0.12,0.97,-0.06,Wrong
70222,0.85,-0.73,1.53,0.12,0.14,0.99,Wrong
70531,0.79,-0.61,1.71,0.1,0.09,1,Wrong
70541,0.67,0.18,1.46,0.13,0.43,0.89,Correct
70646,1.04,-0.85,1.53,-0.05,0.87,0.46,Correct
71000,0.55,-0.73,1.1,0.12,0.97,-0.06,Wrong
71222,0.79,-0.67,1.71,0.12,0.14,0.99,Wrong
71531,0.98,-0.73,1.89,0.1,0.09,1,Wrong
71541,1.4,-1.53,1.4,0.14,0.44,0.88,Correct
71646,0.85,-0.73,1.53,-0.05,0.87,0.46,Correct
72000,0.92,-0.61,1.71,0.12,0.97,-0.06,Wrong
72222,0.98,-0.79,1.65,0.12,0.14,0.99,Wrong
72531,0.85,-0.61,1.77,0.11,0.09,1,Wrong
72541,0.61,0,1.34,0.13,0.43,0.89,Correct
72646,0.55,-0.79,1.65,-0.05,0.88,0.46,Correct
72737,5.68,8.36,10.68,0.39,0.24,0.93,Correct
73000,0.67,-0.79,1.22,0.12,0.97,-0.06,Wrong
73222,0.98,-0.85,1.71,0.12,0.14,0.99,Wrong
73531,0.98,-0.73,1.77,0.11,0.09,1,Wrong
73541,0.85,-0.92,1.34,0.13,0.43,0.89,Correct
73646,0.73,-0.55,1.53,-0.05,0.88,0.46,Correct
73737,11.29,-0.67,2.14,0.38,0.17,0.95,Correct
74000,0.73,-0.61,1.28,0.12,0.97,-0.06,Wrong
74222,0.73,-0.92,1.71,0.11,0.14,1,Wrong
74531,0.73,-0.61,1.71,0.11,0.09,1,Wrong
74541,0.92,-1.16,1.22,0.13,0.43,0.89,Correct
74646,0.79,-0.49,1.65,-0.05,0.88,0.46,Correct
74737,-0.31,6.9,0.55,0.27,0.1,0.94,Correct
75000,0.55,-0.49,1.4,0.12,0.97,-0.06,Wrong
75222,0.49,-0.85,1.59,0.12,0.14,0.99,Wrong
75531,0.85,-0.67,2.08,0.1,0.09,1,Wrong
75541,0.73,-0.55,1.16,0.11,0.43,0.89,Correct
75646,0.73,-1.04,1.71,-0.05,0.87,0.46,Correct
75737,1.22,-2.56,2.38,0.23,0.04,0.93,Correct
76000,1.04,0.43,1.46,0.11,0.97,-0.07,Wrong
76222,0.85,-0.55,1.65,0.11,0.14,0.99,Wrong
76531,0.67,-0.55,1.77,-0.01,0.06,1.01,Wrong
76541,0.85,-0.79,1.46,0.12,0.43,0.9,Correct
76646,0.85,-0.37,1.77,-0.05,0.88,0.46,Correct
76737,1.65,-3.85,-0.43,0.23,0.02,0.93,Correct
77000,0.24,0.49,1.89,0.12,0.97,-0.06,Wrong
77222,0.85,-0.67,1.59,0.12,0.14,0.99,Wrong
77531,0.92,-1.65,2.44,-0.03,0.06,1.01,Wrong
77541,1.04,-1.04,1.4,0.13,0.43,0.89,Correct
77646,0.85,-0.67,1.53,-0.05,0.87,0.46,Correct
77737,-3.11,-5.86,0,0.26,0.06,0.97,Correct
78000,0.67,-1.28,1.1,0.11,0.97,-0.06,Wrong
78222,0.85,-0.67,1.4,0.12,0.14,0.99,Wrong
78531,0.61,-3.42,1.89,-0.06,0.05,1.01,Wrong
78541,0.85,-0.92,1.46,0.13,0.43,0.89,Correct
78646,0.55,0,1.71,-0.05,0.88,0.46,Correct
78737,-2.14,-10.74,-0.55,0.34,0.17,0.94,Correct
79000,0.37,-0.06,1.77,0.13,0.97,-0.06,Wrong
79222,0.79,-0.61,1.53,0.12,0.14,0.99,Wrong
79531,2.62,1.77,0.92,-0.05,0.04,1.01,Wrong
79541,0.73,-1.04,1.4,0.12,0.43,0.89,Correct
79646,0.92,-1.04,1.46,-0.05,0.88,0.46,Correct
79737,1.89,7.93,10.68,0.24,0.21,0.94,Correct
80000,0.55,-0.61,1.53,0.12,0.97,-0.07,Wrong
80222,0.73,-0.67,1.65,0.12,0.14,0.99,Wrong
80531,1.4,0.37,2.14,-0.02,0.04,1.01,Wrong
80541,0.55,-0.49,1.53,0.12,0.43,0.9,Correct
80646,1.04,-0.79,1.4,-0.05,0.87,0.46,Correct
80737,7.51,2.5,1.65,0.23,0.24,0.95,Correct
81000,0.98,-1.34,0.98,0.12,0.97,-0.07,Wrong
81222,0.85,-0.85,1.65,0.12,0.14,0.99,Wrong
81531,0.49,-0.55,1.89,-0.03,0.04,1.01,Wrong
81541,0.85,-0.92,1.28,0.12,0.43,0.89,Correct
81646,0.67,-0.79,1.59,-0.05,0.88,0.46,Correct
81737,0.92,-2.38,0.79,0.28,0.16,0.96,Correct
82000,0.61,-0.61,1.34,0.12,0.97,-0.07,Wrong
82222,0.37,-0.98,1.16,0.12,0.14,0.99,Wrong
82531,0.67,-0.18,2.2,-0.02,0.04,1.01,Wrong
82541,0.79,-0.92,1.59,0.12,0.43,0.89,Correct
82646,0.98,-0.92,1.59,-0.05,0.88,0.46,Correct
82737,0.37,0.61,2.38,0.28,0.15,0.94,Correct
83000,0.67,-0.37,1.53,0.12,0.97,-0.07,Wrong
83222,0.85,-1.04,1.65,0.12,0.14,0.99,Wrong
83531,1.04,-0.92,1.89,-0.03,0.04,1.01,Wrong
83541,0.98,-0.24,1.4,0.12,0.43,0.9,Correct
83646,0.79,-0.67,1.4,-0.05,0.87,0.46,Correct
83737,0.79,-1.22,1.89,0.28,0.15,0.94,Correct
84000,0.73,-0.79,1.4,0.11,0.97,-0.07,Wrong
84222,1.16,-1.34,2.2,0.12,0.14,0.99,Wrong
84531,0.85,-0.55,1.89,-0.03,0.04,1.01,Wrong
84541,0.98,-1.34,1.4,0.13,0.44,0.89,Correct
84646,0.73,-0.73,1.53,-0.05,0.88,0.46,Correct
84737,0.79,-1.16,1.59,0.28,0.16,0.95,Correct
85000,0.55,-0.79,1.16,0.12,0.97,-0.07,Wrong
85222,0.73,-1.65,0.98,0.12,0.14,0.99,Wrong
85531,0.67,-0.67,1.59,-0.02,0.04,1.01,Wrong
85541,1.1,-0.61,1.28,0.14,0.43,0.89,Correct
85646,0.85,-0.98,1.59,-0.05,0.87,0.46,Correct
85737,0.55,-0.67,1.59,0.28,0.16,0.95,Correct
86000,0.49,-1.1,1.16,0.11,0.97,-0.07,Wrong
86222,0.92,-0.73,1.53,0.11,0.14,0.99,Wrong
86531,0.85,-0.85,1.53,-0.03,0.04,1.01,Wrong
86541,0.98,-2.08,1.59,0.13,0.43,0.89,Correct
86646,0.67,-0.85,1.4,-0.05,0.88,0.46,Correct
86737,0.67,-1.28,1.4,0.28,0.15,0.95,Correct
87000,0.79,-0.49,1.65,0.11,0.97,-0.07,Wrong
87222,0.92,-0.61,1.53,0.12,0.14,0.99,Wrong
87531,0.73,-0.79,1.53,-0.03,0.04,1.01,Wrong
87541,0.73,-0.79,1.53,0.13,0.43,0.89,Correct
87646,0.79,-0.61,1.59,-0.05,0.87,0.46,Correct
87737,0.98,-1.04,1.59,0.28,0.15,0.95,Correct
88000,0.06,-0.61,1.28,0.11,0.97,-0.07,Wrong
88222,0.79,-0.73,1.53,0.12,0.14,0.99,Wrong
88531,0.73,-0.73,1.83,-0.03,0.04,1.01,Wrong
88541,0.85,-0.55,1.59,0.13,0.43,0.89,Correct
88646,0.85,-0.61,1.4,-0.05,0.88,0.46,Correct
88737,0.79,-0.12,1.46,0.29,0.15,0.95,Correct
89000,0.49,-0.73,1.46,0.11,0.97,-0.07,Wrong
89222,0.85,-0.73,1.53,0.12,0.14,0.99,Wrong
89531,0.61,-0.49,1.4,-0.02,0.04,1.01,Wrong
89541,0.92,-0.85,1.46,0.13,0.43,0.89,Correct
89646,0.61,-0.55,1.65,-0.05,0.88,0.46,Correct
89737,1.28,-0.98,1.59,0.29,0.15,0.95,Correct
90000,0.73,0.12,1.83,0.11,0.97,-0.07,Wrong
90222,0.73,-0.79,1.65,0.12,0.14,0.99,Wrong
90531,0.98,-1.16,2.01,-0.03,0.04,1.01,Wrong
90541,0.92,-0.85,1.46,0.13,0.43,0.89,Correct
90646,0.79,-0.73,1.46,-0.05,0.87,0.46,Correct
90737,0.73,-0.43,1.77,0.29,0.15,0.95,Correct
91000,0.43,-0.61,1.4,0.11,0.97,-0.07,Wrong
91222,1.04,-1.04,1.65,0.12,0.14,0.99,Wrong
91531,-0.67,-1.34,3.05,-0.03,0.04,1.01,Wrong
91541,0.73,-0.55,1.4,0.13,0.43,0.89,Correct
91646,0.73,-0.61,1.59,-0.05,0.87,0.46,Correct
91737,0.67,-0.85,1.59,0.29,0.15,0.95,Correct
92000,0.98,-1.04,1.1,0.12,0.97,-0.07,Wrong
92222,0.73,-0.73,1.46,0.12,0.14,0.99,Wrong
92531,-2.26,0.37,1.53,0,0.04,1.01,Wrong
92541,0.73,-0.12,1.34,0.12,0.43,0.9,Correct
92646,0.73,-0.92,1.53,-0.05,0.88,0.46,Correct
92737,0.85,-0.79,1.59,0.29,0.16,0.95,Correct
93000,0.61,-0.98,1.34,0.11,0.97,-0.07,Wrong
93222,0.85,-0.85,1.59,0.12,0.14,0.99,Wrong
93531,1.4,-4.33,1.59,0.04,0.04,1.01,Wrong
93541,1.22,-1.77,1.53,0.14,0.44,0.89,Correct
93646,0.79,-0.73,1.53,-0.05,0.88,0.46,Correct
93737,0.61,-0.49,2.01,0.29,0.15,0.94,Correct
94000,0.55,-0.98,1.46,0.11,0.97,-0.07,Wrong
94222,0.67,-0.73,1.65,0.12,0.14,0.99,Wrong
94531,0.73,-1.28,-0.06,-0.03,0.05,1.01,Wrong
94541,0.67,-0.61,1.34,0.13,0.44,0.9,Correct
94646,0.92,-0.61,1.65,-0.05,0.88,0.46,Correct
94737,0.85,-0.73,1.71,0.29,0.15,0.95,Correct
95000,0.55,-0.73,1.46,0.11,0.97,-0.07,Wrong
95222,0.73,-0.67,1.46,0.12,0.14,0.99,Wrong
95531,8.67,2.93,4.7,-0.02,0.01,1.01,Wrong
95541,1.04,-0.06,1.28,0.12,0.43,0.89,Correct
95646,0.73,-0.61,1.4,-0.05,0.88,0.46,Correct
95737,0.73,-0.55,1.65,0.28,0.15,0.94,Correct
96000,0.61,-0.98,1.28,0.11,0.97,-0.07,Wrong
96222,0.73,-0.92,1.46,0.12,0.14,0.99,Wrong
96531,0.79,-1.89,1.4,0,0.04,1.01,Wrong
96541,2.08,-5.8,1.65,0.11,0.43,0.9,Correct
96646,0.85,-0.49,1.65,-0.05,0.87,0.46,Correct
96737,0.98,-0.61,1.65,0.28,0.15,0.95,Correct
97000,0.73,-0.31,1.53,0.12,0.97,-0.07,Wrong
97222,0.61,-0.85,1.46,0.12,0.14,0.99,Wrong
97531,0.61,-0.31,1.1,-0.06,0.04,1.01,Wrong
97541,-2.32,3.97,-9.22,0.16,0.33,0.92,Correct
97646,0.73,-0.67,1.59,-0.05,0.87,0.46,Correct
97737,0.92,-1.59,2.26,0.29,0.16,0.94,Correct
98000,0.92,-0.73,1.4,0.12,0.97,-0.07,Wrong
98222,0.79,-0.67,1.59,0.12,0.14,0.99,Wrong
98531,-0.43,-3.54,4.03,-0.03,0.04,1.01,Wrong
98541,-0.18,-9.46,-4.15,0.08,0.34,0.93,Correct
98646,0.92,-0.79,1.53,-0.05,0.88,0.46,Correct
98737,1.28,-0.06,1.77,0.29,0.16,0.95,Correct
99000,0.67,-0.98,1.4,0.11,0.97,-0.07,Wrong
99222,0.79,-0.85,1.46,0.12,0.14,0.99,Wrong
99531,0.37,1.34,1.95,-0.03,0.01,1.02,Wrong
99541,-0.06,1.83,2.08,0.15,0.41,0.91,Correct
99646,0.67,-0.49,1.34,-0.05,0.88,0.46,Correct
99737,0.55,-0.79,1.04,0.29,0.16,0.95,Correct
100000,0.73,0,2.08,0.11,0.97,-0.07,Wrong
100222,0.61,-0.79,1.53,0.12,0.14,0.99,Wrong
100531,0.24,-1.71,1.95,-0.05,0.05,1.01,Wrong
100541,0.98,-3.05,0.61,0.13,0.41,0.91,Correct
100646,0.79,-0.67,1.65,-0.05,0.87,0.46,Correct
100737,0.61,-0.24,1.53,0.28,0.15,0.95,Correct
101000,1.28,-0.85,1.71,0.1,0.97,-0.07,Wrong
101222,0.73,-0.79,1.46,0.12,0.14,0.99,Wrong
101531,0.92,-0.92,1.71,-0.03,0.04,1.01,Wrong
101541,1.83,7.08,9.52,0.1,0.37,0.96,Correct
101646,0.85,-0.98,1.4,-0.05,0.88,0.46,Correct
101737,0.85,0.49,0.98,0.31,0.16,0.94,Correct
102000,0.73,-0.67,1.53,0.1,0.97,-0.07,Wrong
102222,0.85,-0.79,1.46,0.12,0.14,0.99,Wrong
102531,0.67,-1.34,0.79,-0.02,0.03,1.01,Wrong
102541,0.24,10.01,14.77,0.08,0.31,0.89,Correct
102646,0.49,-0.49,1.59,-0.05,0.88,0.46,Correct
102737,0.79,-1.34,1.59,0.28,0.15,0.95,Correct
103000,0.79,-0.37,1.28,0.11,0.97,-0.07,Wrong
103222,0.79,-0.73,1.59,0.12,0.14,0.99,Wrong
103531,0.43,-0.49,1.16,-0.04,0.03,1.01,Wrong
103541,-0.67,-1.95,2.69,0.14,0.34,0.96,Correct
103646,0.73,-0.92,1.46,-0.05,0.88,0.46,Correct
103737,0.79,-0.55,1.71,0.29,0.15,0.95,Correct
104000,0.73,-0.43,1.65,0.11,0.97,-0.07,Wrong
104222,-0.06,-0.31,1.22,0.12,0.14,0.99,Wrong
104531,0.73,-1.16,1.89,-0.03,0.04,1.01,Wrong
104541,-0.79,4.09,3.91,0.11,0.36,0.94,Correct
104646,0.79,-0.67,1.65,-0.05,0.88,0.46,Correct
104737,0.61,0.18,2.08,0.28,0.15,0.95,Correct
105000,0.55,-0.67,1.53,0.1,0.97,-0.07,Wrong
105222,0.61,-0.85,1.46,0.11,0.14,0.99,Wrong
105531,0.98,-1.1,1.34,-0.03,0.04,1.01,Wrong
105541,4.03,-11.72,1.83,0.18,0.42,0.82,Correct
105646,0.73,-0.67,1.53,-0.05,0.87,0.46,Correct
105737,0.49,0.18,2.14,0.28,0.15,0.94,Correct
106000,0.92,-0.92,1.22,0.11,0.97,-0.07,Wrong
106222,1.04,-0.73,1.83,0.11,0.14,0.99,Wrong
106531,0.79,-0.92,1.34,-0.04,0.04,1.01,Wrong
106541,1.04,5.92,2.75,0.16,0.42,0.89,Correct
106646,0.67,-0.73,1.46,-0.05,0.88,0.46,Correct
106737,0.67,-0.49,1.77,0.28,0.15,0.94,Correct
107000,0.67,-0.67,1.34,0.11,0.97,-0.07,Wrong
107222,0.79,-0.79,1.22,0.12,0.14,0.99,Wrong
107531,0.67,-0.61,1.95,-0.03,0.04,1.01,Wrong
107541,5.92,-3.3,1.53,0.16,0.4,0.91,Correct
107646,0.67,-1.04,1.71,-0.05,0.88,0.46,Correct
107737,0.92,-0.92,1.77,0.28,0.15,0.95,Correct
108000,0.73,-0.85,1.28,0.11,0.97,-0.07,Wrong
108222,0.61,-0.67,1.28,0.11,0.14,0.99,Wrong
108531,0.73,-0.92,1.53,-0.03,0.04,1.01,Wrong
108541,0.67,-2.44,-0.85,0.08,0.41,0.91,Correct
108646,0.79,-0.43,1.65,-0.05,0.87,0.46,Correct
108737,0.98,-0.31,1.77,0.29,0.15,0.95,Correct
109000,1.46,-2.5,0.37,0.11,0.97,-0.07,Wrong
109222,0.85,-0.92,1.46,0.12,0.14,0.99,Wrong
109531,0.73,-0.73,1.65,-0.03,0.04,1.01,Wrong
109541,1.1,-0.61,1.53,0.07,0.4,0.91,Correct
109646,0.67,-0.67,1.59,-0.05,0.88,0.46,Correct
109737,0.85,-1.1,1.89,0.29,0.16,0.95,Correct
110000,-0.12,-0.49,1.65,0.11,0.97,-0.07,Wrong
110222,0.55,-0.31,1.28,0.11,0.14,0.99,Wrong
110531,0.79,-0.79,1.89,-0.04,0.04,1.01,Wrong
110541,0.24,-0.24,1.4,0.07,0.4,0.91,Correct
110646,0.85,-0.98,1.53,-0.05,0.88,0.46,Correct
110737,0.79,-0.18,1.71,0.29,0.15,0.94,Correct
111000,1.28,-0.98,1.16,0.1,0.97,-0.06,Wrong
111222,0.92,-0.79,1.4,0.12,0.14,0.99,Wrong
111531,0.98,-0.79,1.59,-0.03,0.04,1.01,Wrong
111541,0.85,-0.79,1.53,0.08,0.41,0.91,Correct
111646,0.79,-0.79,1.53,-0.05,0.87,0.46,Correct
111737,0.85,-1.1,1.65,0.28,0.15,0.95,Correct
112000,0.85,0.24,1.89,0.1,0.97,-0.07,Wrong
112222,0.79,-0.67,1.53,0.12,0.14,0.99,Wrong
112531,0.67,-1.04,1.4,-0.04,0.04,1.01,Wrong
112541,0.61,-0.67,1.4,0.07,0.41,0.91,Correct
112646,0.79,-0.49,1.46,-0.05,0.87,0.46,Correct
112737,0.92,-0.55,1.59,0.29,0.15,0.95,Correct
113000,0.79,-0.67,1.46,0.1,0.97,-0.07,Wrong
113222,1.1,-0.92,1.65,0.11,0.14,0.99,Wrong
113531,0.73,-0.67,1.65,-0.04,0.04,1.01,Wrong
113541,0.85,-1.28,1.4,0.07,0.41,0.91,Correct
113646,0.67,-0.79,1.4,-0.05,0.88,0.46,Correct
113737,0.37,-0.49,2.01,0.29,0.15,0.94,Correct
114000,0.79,-0.55,1.65,0.1,0.97,-0.06,Wrong
114222,0.85,-0.67,1.53,0.12,0.14,0.99,Wrong
114531,0.85,-0.92,1.89,-0.03,0.04,1.01,Wrong
114541,0.61,-1.22,1.53,0.06,0.41,0.91,Correct
114646,0.67,-0.85,1.59,-0.05,0.88,0.46,Correct
114737,1.4,-0.92,1.53,0.29,0.15,0.95,Correct
115000,0.79,0,1.77,0.11,0.97,-0.06,Wrong
115222,0.73,-0.79,1.65,0.12,0.14,0.99,Wrong
115531,0.92,-0.67,1.71,-0.04,0.04,1.01,Wrong
115541,0.85,-0.73,1.53,0.06,0.41,0.91,Correct
115646,0.79,-0.55,1.53,-0.05,0.87,0.46,Correct
115737,0.49,-1.46,1.16,0.28,0.15,0.96,Correct
116000,0.49,-1.04,1.89,0.11,0.97,-0.07,Wrong
116222,0.79,-0.73,1.53,0.12,0.14,0.99,Wrong
116531,0.92,-0.67,1.65,-0.04,0.04,1.01,Wrong
116541,0.85,-1.28,1.34,0.06,0.41,0.91,Correct
116646,0.92,-0.67,1.59,-0.05,0.87,0.46,Correct
116737,0.85,-0.12,0.61,0.3,0.15,0.94,Correct
117000,0.98,-0.24,1.77,0.1,0.97,-0.07,Wrong
117222,0.85,-0.73,1.53,0.12,0.14,0.99,Wrong
117531,0.67,-0.85,1.59,-0.03,0.04,1.01,Wrong
117541,0.85,0.18,2.08,0.07,0.4,0.92,Correct
117646,0.73,-0.37,1.34,-0.05,0.88,0.46,Correct
117737,0.61,0.43,0.24,0.29,0.17,0.95,Correct
118000,0.98,-1.77,0.73,0.13,0.97,-0.03,Wrong
118222,0.85,-0.73,1.53,0.12,0.14,0.99,Wrong
118531,0.67,-0.67,1.77,-0.04,0.04,1.01,Wrong
118541,0.79,-0.92,1.53,0.09,0.4,0.91,Correct
118646,0.98,-0.61,1.59,-0.05,0.87,0.46,Correct
118737,1.16,-0.61,1.89,0.29,0.16,0.95,Correct
119000,0.55,-0.31,1.71,0.13,0.97,-0.06,Wrong
119222,0.79,-0.92,1.59,0.12,0.14,0.99,Wrong
119531,0.67,-0.61,1.95,-0.04,0.04,1.01,Wrong
119541,0.79,-0.55,1.71,0.09,0.4,0.92,Correct
119646,0.73,-0.92,1.4,-0.05,0.88,0.46,Correct
119737,0.92,-0.61,1.95,0.3,0.15,0.94,Correct
120000,0.49,-0.79,1.28,0.13,0.97,-0.06,Wrong
120222,0.85,-0.92,1.34,0.12,0.14,0.99,Wrong
120531,0.79,-0.79,1.53,-0.04,0.04,1.01,Wrong
120541,0.67,-0.85,1.59,0.09,0.4,0.91,Correct
120646,0.85,-0.98,1.53,-0.05,0.88,0.46,Correct
120737,1.16,-0.37,2.14,0.29,0.16,0.94,Correct
121000,0.49,-0.92,1.28,0.12,0.97,-0.06,Wrong
121222,0.73,-0.73,1.53,0.12,0.14,0.99,Wrong
121531,0.79,-0.85,1.89,-0.03,0.04,1.01,Wrong
121541,0.79,-0.61,1.53,0.09,0.4,0.92,Correct
121646,0.61,-0.73,1.71,-0.05,0.87,0.46,Correct
121737,0.49,-0.61,1.22,0.3,0.17,0.94,Correct
122000,0.55,-0.73,1.53,0.12,0.97,-0.06,Wrong
122222,0.98,-0.85,1.59,0.12,0.14,0.99,Wrong
122531,0.85,-0.85,1.59,-0.04,0.04,1.01,Wrong
122541,0.67,-0.98,1.34,0.09,0.4,0.91,Correct
122646,0.92,-0.49,1.53,-0.05,0.88,0.46,Correct
122737,1.28,-1.89,1.53,0.29,0.16,0.95,Correct
123000,0.79,-0.79,1.53,0.12,0.97,-0.06,Wrong
123222,0.79,-0.61,1.4,0.12,0.14,0.99,Wrong
123531,0.67,-0.85,1.65,-0.04,0.04,1.01,Wrong
123541,0.92,-0.79,1.46,0.09,0.4,0.92,Correct
123646,0.92,-0.67,1.46,-0.05,0.87,0.46,Correct
123737,1.1,-1.16,1.89,0.3,0.16,0.95,Correct
124000,0.67,-0.31,1.28,0.11,0.97,-0.06,Wrong
124222,0.73,-0.79,1.53,0.12,0.14,0.99,Wrong
124531,0.79,-0.73,1.89,-0.04,0.04,1.01,Wrong
124541,0.92,-0.61,1.34,0.09,0.4,0.91,Correct
124646,0.67,-0.67,1.59,-0.05,0.87,0.46,Correct
124737,1.71,0.67,2.56,0.3,0.16,0.94,Correct
125000,0.79,-0.85,1.46,0.11,0.97,-0.06,Wrong
125222,0.73,-0.79,1.59,0.12,0.14,0.99,Wrong
125531,0.92,-0.55,1.65,-0.04,0.04,1.01,Wrong
125541,0.79,-0.61,1.4,0.09,0.4,0.92,Correct
125646,0.73,-2.08,1.4,-0.05,0.87,0.46,Correct
125737,0.79,-1.59,1.53,0.3,0.15,0.95,Correct
126000,0.85,-0.67,1.22,0.11,0.97,-0.06,Wrong
126222,0.61,-0.49,2.01,0.11,0.14,0.99,Wrong
126531,0.67,-0.79,1.65,-0.04,0.04,1.01,Wrong
126541,0.73,-0.73,1.53,0.09,0.4,0.92,Correct
126646,0.98,-1.04,1.46,-0.05,0.87,0.46,Correct
126737,0.67,-0.67,1.65,0.3,0.15,0.94,Correct
127000,0.85,-0.61,1.65,0.12,0.97,-0.07,Wrong
127222,1.1,-1.1,1.65,0.12,0.14,0.99,Wrong
127531,0.67,-0.79,1.83,-0.04,0.04,1.01,Wrong
127541,0.85,-0.61,1.59,0.09,0.4,0.92,Correct
127646,0.61,-0.12,1.53,-0.05,0.88,0.46,Correct
127737,0.43,-1.04,1.53,0.32,0.14,0.94,Correct
128000,0.67,-0.43,1.46,0.12,0.97,-0.07,Wrong
128222,0.85,-0.85,1.34,0.12,0.14,0.99,Wrong
128531,0.67,-0.73,1.4,-0.03,0.04,1.01,Wrong
128541,0.92,-0.85,1.59,0.09,0.4,0.92,Correct
128646,0.79,-0.73,1.22,-0.05,0.87,0.46,Correct
128737,0.98,1.28,1.4,0.32,0.14,0.93,Correct
129000,0.67,-0.55,1.4,0.12,0.97,-0.06,Wrong
129222,0.98,-0.73,1.53,0.12,0.14,1,Wrong
129531,0.67,-0.85,1.65,-0.04,0.03,1.01,Wrong
129541,1.4,-0.06,2.14,0.08,0.39,0.91,Correct
129646,0.79,-0.85,1.46,-0.05,0.88,0.46,Correct
129737,0.24,-2.69,0.67,0.29,0.14,0.94,Correct
130000,0.37,-0.92,1.4,0.11,0.97,-0.07,Wrong
130222,0.98,-0.73,1.53,0.12,0.14,0.99,Wrong
130531,0.79,-0.85,1.4,-0.04,0.04,1.01,Wrong
130541,1.04,-0.43,1.59,0.09,0.4,0.92,Correct
130646,0.55,-1.16,1.46,-0.05,0.87,0.46,Correct
130737,1.22,-2.14,2.01,0.3,0.14,0.95,Correct
131000,0.73,-0.43,1.34,0.11,0.97,-0.07,Wrong
131222,0.85,-0.92,1.46,0.12,0.14,0.99,Wrong
131531,0.85,-0.79,1.95,-0.04,0.04,1.01,Wrong
131541,0.98,-0.67,1.46,0.09,0.4,0.91,Correct
131646,0.79,-0.79,1.77,-0.05,0.87,0.46,Correct
131737,0.61,-0.55,1.59,0.3,0.14,0.94,Correct
132000,0.61,-0.43,1.95,0.11,0.97,-0.07,Wrong
132222,0.79,-0.85,1.59,0.12,0.14,0.99,Wrong
132531,0.92,-0.73,1.65,-0.04,0.04,1.01,Wrong
132541,0.85,-0.55,1.53,0.09,0.4,0.91,Correct
132646,0.67,-1.28,1.22,-0.05,0.87,0.46,Correct
132737,0.73,0.31,1.46,0.31,0.15,0.94,Correct
133000,0.85,-0.31,1.53,0.11,0.97,-0.07,Wrong
133222,1.71,-0.79,1.46,0.12,0.15,0.99,Wrong
133531,0.98,-1.1,1.71,-0.04,0.04,1.01,Wrong
133541,0.31,0,1.59,0.09,0.4,0.91,Correct
133646,0.67,-0.73,1.34,-0.05,0.88,0.46,Correct
133737,0.85,-0.49,1.65,0.31,0.15,0.94,Correct
134000,0.67,-0.43,1.46,0.11,0.97,-0.07,Wrong
134222,1.1,-0.73,1.53,0.12,0.15,0.99,Wrong
134531,0.85,-0.79,2.01,-0.04,0.04,1.01,Wrong
134541,1.16,-1.28,1.34,0.09,0.4,0.91,Correct
134646,0.61,-0.37,1.59,-0.05,0.87,0.46,Correct
134737,1.04,-2.2,1.53,0.3,0.15,0.95,Correct
135000,0.49,-0.61,1.65,0.11,0.97,-0.07,Wrong
135222,0.73,-0.49,1.53,0.12,0.14,0.99,Wrong
135531,0.92,-0.61,1.95,-0.04,0.04,1.01,Wrong
135541,0.98,-0.98,1.4,0.09,0.4,0.91,Correct
135646,0.79,-0.31,1.53,-0.05,0.87,0.46,Correct
135737,0.24,-1.22,1.65,0.31,0.15,0.94,Correct
136000,1.1,-0.43,1.53,0.11,0.97,-0.06,Wrong
136222,0.79,-0.67,1.46,0.12,0.14,0.99,Wrong
136531,0.79,-1.1,1.59,-0.04,0.04,1.01,Wrong
136541,0.73,-0.85,1.59,0.09,0.4,0.92,Correct
136646,0.67,-0.18,1.53,-0.05,0.88,0.46,Correct
136737,1.4,-0.31,1.53,0.3,0.14,0.93,Correct
137000,0.61,-0.85,1.28,0.11,0.97,-0.07,Wrong
137222,0.79,-0.49,1.53,0.12,0.15,0.99,Wrong
137531,0.73,-0.79,1.65,-0.04,0.04,1.01,Wrong
137541,0.73,-0.98,1.53,0.09,0.4,0.92,Correct
137646,0.85,-0.92,1.65,-0.05,0.87,0.46,Correct
137737,0.37,-0.61,1.89,0.3,0.15,0.94,Correct
138000,0.73,-0.49,1.53,0.11,0.97,-0.07,Wrong
138222,0.55,-0.55,0.55,0.12,0.15,0.99,Wrong
138531,0.85,-0.79,1.71,-0.04,0.04,1.01,Wrong
138541,0.73,-0.73,1.53,0.09,0.4,0.91,Correct
138646,0.73,-0.79,1.4,-0.05,0.88,0.46,Correct
138737,0.73,-0.18,1.65,0.29,0.15,0.95,Correct
139000,0.92,-0.67,1.53,0.11,0.97,-0.07,Wrong
139222,1.22,-1.1,1.04,0.11,0.14,0.99,Wrong
139531,0.79,-1.22,1.77,-0.04,0.04,1.01,Wrong
139541,0.85,-0.49,1.28,0.09,0.4,0.91,Correct
139646,0.85,-0.31,1.65,-0.05,0.87,0.46,Correct
139737,1.1,1.16,2.5,0.3,0.14,0.94,Correct
140000,0.67,-0.55,1.46,0.1,0.97,-0.07,Wrong
140222,0.85,-0.85,1.34,0.12,0.14,0.99,Wrong
140531,0.98,-1.04,2.01,-0.04,0.03,1.01,Wrong
140541,0.73,-1.1,1.46,0.09,0.4,0.91,Correct
140646,0.85,-0.49,1.65,-0.05,0.88,0.46,Correct
140737,0.92,-0.98,1.71,0.31,0.15,0.94,Correct
141000,0.49,-0.67,1.59,0.1,0.97,-0.07,Wrong
141222,0.85,-0.67,1.77,0.12,0.14,0.99,Wrong
141531,0.79,-0.85,1.77,-0.04,0.04,1.01,Wrong
141541,0.92,-0.79,1.4,0.09,0.41,0.91,Correct
141646,1.04,0.37,1.46,-0.05,0.88,0.46,Correct
141737,0.98,-2.38,1.16,0.3,0.15,0.97,Correct
142000,0.67,-0.55,1.34,0.1,0.97,-0.07,Wrong
142222,1.22,-0.92,1.77,0.11,0.14,0.99,Wrong
142531,0.92,-0.98,1.4,-0.05,0.04,1.01,Wrong
142541,0.98,-1.4,1.34,0.09,0.4,0.92,Correct
142646,1.04,-0.73,1.46,-0.05,0.87,0.46,Correct
142737,0.61,-0.85,1.34,0.3,0.14,0.95,Correct
143000,0.98,-0.61,1.46,0.1,0.97,-0.07,Wrong
143222,0.98,-0.79,1.59,0.11,0.14,0.99,Wrong
143531,0.85,-0.73,1.83,-0.04,0.04,1.01,Wrong
143541,1.16,-0.55,1.53,0.09,0.4,0.91,Correct
143646,1.04,-1.16,1.16,-0.04,0.87,0.46,Correct
143737,-0.24,0.61,2.81,0.31,0.17,0.93,Correct
144000,0.61,-0.79,1.28,0.1,0.97,-0.07,Wrong
144222,0.85,-0.98,1.53,0.12,0.14,0.99,Wrong
144531,0.61,-0.61,1.53,-0.05,0.04,1.01,Wrong
144541,0.92,-0.98,1.46,0.09,0.4,0.91,Correct
144646,0.49,-0.85,1.59,-0.04,0.88,0.46,Correct
144737,0.55,-1.89,0.49,0.34,0.19,0.91,Correct
145000,0.67,-0.98,1.46,0.1,0.97,-0.07,Wrong
145222,0.67,-0.61,1.59,0.12,0.14,0.99,Wrong
145531,0.79,-0.98,1.65,-0.05,0.04,1.01,Wrong
145541,0.98,-0.92,1.53,0.09,0.4,0.91,Correct
145646,0.73,-0.31,1.65,-0.04,0.87,0.46,Correct
145737,3.23,2.75,3.54,0.32,0.21,0.91,Correct
146000,0.98,-0.73,1.59,0.1,0.97,-0.07,Wrong
146222,0.98,-0.73,1.59,0.12,0.14,0.99,Wrong
146531,0.98,-0.85,1.77,-0.05,0.04,1.01,Wrong
146541,0.92,-0.85,1.4,0.09,0.4,0.91,Correct
146646,0.92,-0.98,1.59,-0.04,0.87,0.46,Correct
146737,0.31,0.92,-0.49,0.32,0.19,0.94,Correct
147000,0.92,-0.73,1.34,0.1,0.97,-0.07,Wrong
147222,0.79,-0.61,1.59,0.11,0.14,0.99,Wrong
147531,0.67,-0.31,2.26,-0.05,0.04,1.01,Wrong
147541,0.85,-0.98,1.46,0.09,0.4,0.92,Correct
147646,0.92,0,2.08,-0.04,0.87,0.46,Correct
147737,1.04,0.12,0.61,0.35,0.18,0.95,Correct
148000,0.85,-0.79,1.4,0.1,0.97,-0.07,Wrong
148222,0.73,-0.61,1.53,0.11,0.14,0.99,Wrong
148531,0.79,-0.98,1.71,-0.04,0.04,1.01,Wrong
148541,0.92,0.18,1.65,0.09,0.4,0.92,Correct
148646,0.73,-0.61,1.83,-0.05,0.87,0.46,Correct
148737,0.55,-0.24,2.44,0.34,0.15,0.93,Correct
149000,0.37,-0.79,1.46,0.1,0.97,-0.07,Wrong
149222,0.79,-0.79,1.53,0.11,0.14,0.99,Wrong
149531,0.92,-0.61,1.71,-0.05,0.04,1.01,Wrong
149541,0.98,-0.92,1.34,0.09,0.4,0.92,Correct
149646,0.73,-0.73,1.16,-0.04,0.88,0.46,Correct
149737,0.98,0.61,2.14,0.33,0.14,0.93,Correct
150000,0.55,-0.73,1.53,0.1,0.97,-0.07,Wrong
150222,0.92,-0.67,1.4,0.11,0.14,0.99,Wrong
150531,0.92,-0.79,1.95,-0.04,0.04,1.01,Wrong
150541,0.92,-0.61,1.46,0.09,0.4,0.91,Correct
150646,0.73,-0.85,1.53,-0.04,0.88,0.45,Correct
150737,0.55,-1.46,1.04,0.33,0.16,0.94,Correct
151000,1.04,-0.43,1.4,0.1,0.97,-0.07,Wrong
151222,0.67,-0.61,1.53,0.11,0.14,0.99,Wrong
151531,0.79,-0.79,1.46,-0.04,0.04,1.01,Wrong
151541,0.79,-1.28,1.46,0.09,0.4,0.91,Correct
151646,0.61,-0.49,1.95,-0.05,0.88,0.46,Correct
151737,0.24,-4.64,-0.67,0.34,0.17,0.93,Correct
152000,0.85,-0.31,1.65,0.1,0.97,-0.07,Wrong
152222,0.73,-0.85,1.46,0.11,0.14,0.99,Wrong
152531,0.85,-0.73,1.71,-0.04,0.04,1.01,Wrong
152541,0.73,-0.61,1.4,0.09,0.4,0.91,Correct
152646,0.85,-0.55,1.4,-0.05,0.87,0.46,Correct
152737,0.73,-1.65,1.71,0.35,0.16,0.93,Correct
153000,0.92,0.79,3.11,0.13,0.98,-0.04,Wrong
153222,0.79,-0.49,1.59,0.12,0.14,0.99,Wrong
153531,0.79,-0.55,1.59,-0.04,0.04,1.01,Wrong
153541,1.04,-0.92,1.53,0.09,0.4,0.91,Correct
153646,0.73,-1.4,1.22,-0.05,0.87,0.46,Correct
153737,0.98,-0.73,1.28,0.34,0.16,0.93,Correct
154000,0.98,-5.68,0.12,0.09,0.97,-0.07,Wrong
154222,0.73,-0.67,1.59,0.11,0.14,0.99,Wrong
154531,0.92,-0.79,1.95,-0.05,0.04,1.01,Wrong
154541,0.85,-0.67,1.34,0.09,0.4,0.91,Correct
154646,0.67,-0.43,1.65,-0.04,0.88,0.46,Correct
154737,1.16,-1.77,1.95,0.34,0.15,0.92,Correct
155000,0.98,-0.06,0.49,0.11,0.97,-0.06,Wrong
155222,0.79,-0.73,1.46,0.11,0.14,0.99,Wrong
155531,0.85,-0.85,1.4,-0.04,0.04,1.01,Wrong
155541,1.1,-0.06,1.59,0.09,0.4,0.92,Correct
155646,0.73,-0.92,1.71,-0.04,0.87,0.46,Correct
155737,1.1,-1.16,1.83,0.34,0.16,0.92,Correct
156000,1.77,0,2.2,0.11,0.98,-0.06,Wrong
156222,0.85,-1.04,1.46,0.11,0.14,0.99,Wrong
156531,0.92,-0.79,1.77,-0.05,0.04,1.01,Wrong
156541,0.73,-0.06,1.71,0.08,0.41,0.92,Correct
156646,0.61,-0.79,1.53,-0.05,0.87,0.46,Correct
156737,1.04,-0.61,1.71,0.32,0.15,0.94,Correct
157000,0.67,0.06,1.04,0.1,0.97,-0.06,Wrong
157222,0.73,-0.61,1.46,0.12,0.14,0.99,Wrong
157531,0.79,-0.55,1.65,-0.05,0.04,1.01,Wrong
157541,0.73,-0.85,1.34,0.1,0.4,0.91,Correct
157646,0.98,-0.85,1.53,-0.04,0.88,0.46,Correct
157737,0.85,-0.37,1.53,0.34,0.16,0.93,Correct
158000,1.34,-0.92,1.28,0.08,0.97,-0.06,Wrong
158222,1.04,-1.1,1.65,0.12,0.15,0.99,Wrong
158531,0.85,-0.73,2.01,-0.04,0.04,1.01,Wrong
158541,0.92,-0.67,1.53,0.09,0.4,0.91,Correct
158646,0.85,0.12,1.65,-0.05,0.87,0.46,Correct
158737,0.98,-1.1,1.83,0.34,0.16,0.93,Correct
159000,0.92,-0.98,1.4,0.11,0.97,-0.06,Wrong
159222,0.79,-0.49,1.65,0.11,0.15,0.99,Wrong
159531,0.79,-0.92,1.65,-0.05,0.04,1.01,Wrong
159541,0.85,-0.61,1.59,0.09,0.4,0.91,Correct
159646,0.85,-0.98,1.34,-0.05,0.87,0.46,Correct
159737,0.92,-1.04,1.71,0.34,0.16,0.93,Correct
160000,0.67,-0.79,1.46,0.1,0.97,-0.06,Wrong
160222,0.79,-0.85,1.59,0.11,0.14,0.99,Wrong
160531,0.79,-0.79,1.71,-0.05,0.04,1.01,Wrong
160541,0.92,-0.92,1.53,0.09,0.4,0.91,Correct
160646,0.79,-0.98,1.53,-0.05,0.88,0.46,Correct
160737,0.85,-1.28,1.77,0.33,0.15,0.93,Correct
161000,0.79,-0.61,1.71,0.1,0.97,-0.07,Wrong
161222,0.98,-0.85,2.01,0.11,0.15,0.99,Wrong
161531,0.79,-0.73,1.89,-0.04,0.04,1.01,Wrong
161541,1.04,-0.79,1.34,0.09,0.4,0.91,Correct
161646,0.98,-1.04,1.46,-0.05,0.88,0.46,Correct
161737,1.22,-2.69,0.73,0.35,0.16,0.94,Correct
162000,0.92,-1.34,1.59,0.12,0.98,-0.05,Wrong
162222,0.79,-0.92,1.59,0.11,0.14,0.99,Wrong
162531,0.79,-0.92,1.71,-0.04,0.04,1.01,Wrong
162541,1.65,0.49,1.4,0.1,0.4,0.91,Correct
162646,0.61,-0.67,1.59,-0.04,0.87,0.45,Correct
162737,1.04,-1.4,2.32,0.34,0.15,0.93,Correct
163000,0.61,0,1.34,0.1,0.97,-0.06,Wrong
163222,0.85,-0.61,1.65,0.11,0.15,0.99,Wrong
163531,0.79,-0.67,1.83,-0.04,0.04,1.01,Wrong
163541,1.4,-0.55,1.46,0.09,0.4,0.91,Correct
163646,0.73,-0.55,1.53,-0.05,0.88,0.46,Correct
163737,-1.4,3.72,0.98,0.32,0.15,0.93,Correct
164000,0.61,-0.67,1.34,0.1,0.97,-0.06,Wrong
164222,0.67,-0.49,1.22,0.12,0.14,0.99,Wrong
164531,0.79,-1.04,1.4,-0.04,0.04,1.01,Wrong
164541,1.04,0,1.65,0.09,0.4,0.91,Correct
164646,1.04,-0.85,1.28,-0.05,0.87,0.46,Correct
164737,1.22,-5.31,1.89,0.33,0.18,0.93,Correct
165000,0.31,-0.79,0.98,0.1,0.97,-0.06,Wrong
165222,0.92,-0.67,1.46,0.11,0.15,0.99,Wrong
165531,0.73,-0.98,1.65,-0.04,0.04,1.01,Wrong
165541,0.37,-0.61,1.53,0.1,0.4,0.91,Correct
165646,0.79,-1.59,1.28,-0.05,0.87,0.47,Correct
165737,2.08,11.66,5.86,0.35,0.21,0.99,Correct
166000,0.79,-1.04,1.16,0.09,0.97,-0.06,Wrong
166222,0.67,-0.49,1.46,0.12,0.15,0.99,Wrong
166531,1.04,-0.73,1.65,-0.05,0.04,1.01,Wrong
166541,0.98,-0.12,1.46,0.1,0.4,0.91,Correct
166646,0.85,-0.43,1.4,-0.04,0.88,0.46,Correct
166737,2.56,-1.95,1.83,0.29,0.19,0.94,Correct
167000,0.49,-0.49,1.65,0.09,0.97,-0.06,Wrong
167222,1.1,-0.61,1.46,0.11,0.14,1,Wrong
167531,0.85,-1.16,1.77,-0.04,0.04,1.01,Wrong
167541,0.85,-0.92,1.4,0.1,0.4,0.91,Correct
167646,0.98,-0.67,1.59,-0.04,0.87,0.46,Correct
167737,1.46,-0.73,2.01,0.27,0.19,0.95,Correct
168000,0.12,0.67,1.28,0.1,0.97,-0.06,Wrong
168222,0.79,-0.67,1.46,0.11,0.15,0.99,Wrong
168531,0.73,-0.73,1.71,-0.04,0.04,1.01,Wrong
168541,1.04,-0.73,1.65,0.1,0.4,0.91,Correct
168646,0.85,-0.73,1.53,-0.05,0.87,0.46,Correct
168737,0.92,-1.34,1.59,0.28,0.19,0.94,Correct
169000,-0.55,-0.92,1.22,0.1,0.97,-0.07,Wrong
169222,0.73,-0.73,1.46,0.12,0.14,0.99,Wrong
169531,0.73,-0.67,1.77,-0.04,0.03,1.01,Wrong
169541,0.85,-0.85,1.53,0.09,0.4,0.91,Correct
169646,0.61,-0.98,1.4,-0.05,0.88,0.46,Correct
169737,1.83,-1.4,1.65,0.26,0.18,0.96,Correct
170000,0.98,-0.43,2.87,0.13,0.97,-0.09,Wrong
170222,0.98,-0.92,1.4,0.11,0.15,0.99,Wrong
170531,0.67,-0.55,1.65,-0.04,0.04,1.01,Wrong
170541,0.73,-0.73,1.77,0.1,0.4,0.91,Correct
170646,0.73,-0.61,1.46,-0.05,0.87,0.46,Correct
170737,1.04,-0.79,2.01,0.26,0.19,0.95,Correct
171000,5.92,-2.81,3.36,0.09,0.96,-0.1,Wrong
171222,0.79,-0.73,1.89,0.12,0.15,0.99,Wrong
171531,0.67,-0.79,1.59,-0.05,0.04,1.01,Wrong
171541,0.98,-0.18,1.46,0.1,0.4,0.91,Correct
171646,0.67,-0.43,1.83,-0.05,0.88,0.46,Correct
171737,1.53,-1.28,1.77,0.26,0.18,0.95,Correct
172000,-13.61,6.84,1.16,0.21,0.98,-0.13,Wrong
172222,0.79,-0.73,1.4,0.11,0.15,0.99,Wrong
172531,0.79,-0.61,1.95,-0.04,0.04,1.01,Wrong
172541,0.85,-0.79,1.53,0.1,0.4,0.91,Correct
172646,0.55,-0.73,1.46,-0.05,0.87,0.46,Correct
172737,0.49,-1.34,1.71,0.25,0.18,0.95,Correct
173000,-0.43,-8.79,-0.49,0.25,0.95,-0.08,Wrong
173222,0.73,-0.67,1.34,0.11,0.14,0.99,Wrong
173531,0.73,-0.85,1.53,-0.05,0.04,1.01,Wrong
173541,0.98,-0.73,1.53,0.1,0.4,0.91,Correct
173646,0.79,-0.98,1.53,-0.05,0.88,0.45,Correct
173737,0.85,-1.1,1.28,0.25,0.18,0.96,Correct
174000,-1.77,8.36,5.92,0.23,0.99,-0.06,Wrong
174222,1.34,-1.59,2.14,0.1,0.14,0.99,Wrong
174531,0.79,-0.92,1.95,-0.05,0.04,1.01,Wrong
174541,0.67,-0.31,1.46,0.09,0.4,0.91,Correct
174646,0.61,-0.73,1.59,-0.04,0.88,0.46,Correct
174737,0.85,-1.04,2.01,0.26,0.17,0.96,Correct
175000,-0.37,-6.71,0.37,0.23,0.96,0,Wrong
175222,0.79,-0.49,1.89,0.11,0.15,0.99,Wrong
175531,0.73,-1.04,1.71,-0.05,0.04,1.01,Wrong
175541,1.16,-1.1,1.34,0.11,0.4,0.91,Correct
175646,0.43,-0.61,1.46,-0.05,0.88,0.46,Correct
175737,0.85,-0.67,1.28,0.24,0.18,0.96,Correct
176000,0.37,9.22,2.69,0.13,0.95,-0.05,Wrong
176222,0.79,-0.73,1.4,0.11,0.15,0.99,Wrong
176531,0.73,-0.79,1.83,-0.05,0.04,1.01,Wrong
176541,0.92,-0.49,1.71,0.1,0.4,0.91,Correct
176646,4.27,-0.12,1.46,-0.03,0.87,0.45,Correct
176737,1.04,-0.55,2.08,0.25,0.17,0.96,Correct
177000,2.2,1.28,3.6,0.14,0.96,-0.05,Wrong
177222,0.85,-0.67,1.4,0.11,0.15,0.99,Wrong
177531,0.61,-0.79,1.83,-0.05,0.04,1.01,Wrong
177541,0.92,-0.67,1.59,0.1,0.4,0.91,Correct
177646,-12.57,16.3,1.77,0,0.9,0.41,Correct
177737,0.49,-0.98,1.28,0.25,0.17,0.96,Correct
178000,-1.04,4.15,2.26,0.09,0.99,0,Wrong
178222,0.67,-0.73,1.4,0.11,0.15,0.99,Wrong
178531,0.85,-0.85,1.83,-0.05,0.04,1.01,Wrong
178541,0.61,-0.98,1.22,0.1,0.41,0.91,Correct
178646,-12.02,4.46,-1.28,-0.06,0.96,0.24,Correct
178737,1.1,0.67,1.83,0.25,0.17,0.95,Correct
179000,1.53,-5.8,-1.28,0.07,0.98,-0.04,Wrong
179222,0.37,-0.43,1.53,0.11,0.15,0.99,Wrong
179531,0.79,-0.79,1.59,-0.05,0.04,1.01,Wrong
179541,0.92,-1.1,1.53,0.1,0.4,0.91,Correct
179646,-8.91,-9.58,0.49,0.08,0.98,0.16,Correct
179737,-0.31,1.1,2.14,0.25,0.17,0.96,Correct
180000,-1.22,-1.89,2.62,0.09,0.98,-0.02,Wrong
180222,1.04,-0.92,1.71,0.12,0.15,0.99,Wrong
180531,0.73,-0.37,1.83,-0.05,0.04,1.01,Wrong
180541,0.98,-0.73,1.59,0.1,0.4,0.91,Correct
180646,-1.4,0.55,2.5,0.01,0.98,0.11,Correct
180737,0.92,-1.4,1.46,0.25,0.17,0.96,Correct
181000,0.55,-1.22,1.77,0.1,0.97,-0.05,Wrong
181222,0.79,-1.16,1.1,0.11,0.15,0.99,Wrong
181531,0.85,-0.67,1.77,-0.04,0.04,1.01,Wrong
181541,1.04,-0.43,1.59,0.1,0.4,0.91,Correct
181646,1.71,2.08,0.37,0,0.98,0.1,Correct
181737,0.98,2.81,1.16,0.25,0.16,0.96,Correct
182000,0.49,-1.83,1.28,0.09,0.97,-0.05,Wrong
182222,1.28,-1.1,1.34,0.12,0.14,0.99,Wrong
182531,0.98,-0.49,1.83,-0.05,0.04,1.01,Wrong
182541,0.67,-0.73,1.28,0.1,0.4,0.91,Correct
182646,2.99,-5.07,-0.43,0.04,0.97,0.12,Correct
182737,0.79,-1.46,1.65,0.24,0.17,0.95,Correct
183000,1.53,-1.4,2.5,0.09,0.98,-0.04,Wrong
183222,0.85,-0.73,1.46,0.12,0.14,0.99,Wrong
183531,0.79,-0.73,1.65,-0.04,0.04,1.01,Wrong
183541,0.61,-0.98,1.34,0.1,0.4,0.91,Correct
183646,-2.56,-1.46,1.22,0.05,0.96,0.23,Correct
183737,0.98,-0.43,1.53,0.25,0.17,0.95,Correct
184000,2.62,-2.99,1.34,0.09,0.98,-0.02,Wrong
184222,0.73,-0.73,1.53,0.12,0.15,0.99,Wrong
184531,0.85,-0.61,1.77,-0.05,0.04,1.01,Wrong
184541,0.92,-0.73,1.53,0.1,0.4,0.91,Correct
184646,0.37,-2.08,2.14,0.05,0.96,0.2,Correct
184737,0.92,-1.65,1.65,0.25,0.17,0.96,Correct
185000,0.43,-1.83,1.83,0.09,0.98,-0.03,Wrong
185222,0.79,-0.49,1.65,0.11,0.14,0.99,Wrong
185531,0.79,-0.92,1.59,-0.04,0.04,1.01,Wrong
185541,0.79,-0.79,1.46,0.1,0.4,0.91,Correct
185646,0.61,-0.92,1.16,0.04,0.96,0.18,Correct
185737,1.16,-0.67,1.65,0.24,0.17,0.96,Correct
186000,-0.06,0.18,1.53,0.09,0.98,-0.06,Wrong
186222,1.34,-0.92,1.71,0.12,0.14,0.99,Wrong
186531,0.92,-0.85,1.59,-0.05,0.04,1.01,Wrong
186541,0.79,-0.98,1.46,0.1,0.4,0.91,Correct
186646,0.61,-0.37,1.53,0.04,0.96,0.18,Correct
186737,0.31,-0.73,1.34,0.25,0.17,0.95,Correct
187000,-0.06,1.04,1.34,0.09,0.98,-0.04,Wrong
187222,0.79,-0.49,1.59,0.11,0.15,0.99,Wrong
187531,0.79,-0.73,1.53,-0.05,0.04,1.01,Wrong
187541,0.92,-0.85,1.46,0.09,0.4,0.91,Correct
187646,1.04,-0.31,1.53,0.04,0.97,0.18,Correct
187737,0.67,-1.34,2.2,0.25,0.17,0.96,Correct
188000,0.92,0.61,1.77,0.07,0.98,-0.03,Wrong
188222,0.73,-0.73,1.59,0.11,0.15,0.99,Wrong
188531,0.79,-0.92,1.65,-0.04,0.04,1.01,Wrong
188541,0.67,-1.04,1.34,0.09,0.4,0.92,Correct
188646,0.67,-0.73,1.65,0.04,0.97,0.18,Correct
188737,0.98,-0.73,2.08,0.24,0.17,0.96,Correct
189000,0.85,-0.73,1.34,0.08,0.97,-0.03,Wrong
189222,1.22,-1.04,1.65,0.11,0.15,0.99,Wrong
189531,0.49,-0.73,1.65,-0.05,0.04,1.01,Wrong
189541,0.24,0.85,1.59,0.1,0.4,0.91,Correct
189646,0.92,-0.61,1.46,0.04,0.96,0.18,Correct
189737,0.98,-1.34,1.65,0.25,0.17,0.96,Correct
190000,-0.79,-1.16,2.44,0.08,0.98,-0.04,Wrong
190222,0.98,-0.73,1.34,0.12,0.15,0.99,Wrong
190531,0.79,-0.98,1.59,-0.04,0.04,1.01,Wrong
190541,0.85,-0.98,1.53,0.1,0.4,0.91,Correct
190646,0.85,-0.92,1.46,0.04,0.96,0.18,Correct
190737,0.98,-1.22,1.77,0.26,0.17,0.96,Correct
191000,0.85,-1.53,0.85,0.07,0.98,-0.05,Wrong
191222,1.22,-0.92,1.65,0.1,0.15,0.99,Wrong
191531,0.98,-0.79,1.83,-0.05,0.04,1.01,Wrong
191541,0.67,-1.22,1.53,0.1,0.4,0.91,Correct
191646,0.85,-0.85,1.34,0.04,0.97,0.18,Correct
191737,0.98,-0.61,1.65,0.25,0.17,0.96,Correct
192000,2.62,1.28,3.23,0.05,0.98,-0.04,Wrong
192222,0.73,-0.73,1.71,0.11,0.14,0.99,Wrong
192531,0.79,-0.67,2.32,-0.04,0.04,1.01,Wrong
192541,0.79,-0.18,1.4,0.1,0.4,0.91,Correct
192646,0.85,-0.92,1.65,0.04,0.97,0.18,Correct
192737,0.61,-3.42,0.43,0.28,0.16,0.95,Correct
193000,-0.12,-1.46,0.12,0.09,0.98,-0.06,Wrong
193222,0.85,-0.73,1.28,0.11,0.15,0.99,Wrong
193531,0.85,-0.37,2.08,-0.05,0.04,1.01,Wrong
193541,0.73,-0.55,1.53,0.1,0.4,0.91,Correct
193646,0.73,-1.28,1.59,0.04,0.97,0.18,Correct
193737,0.61,2.81,0.98,0.26,0.17,0.96,Correct
194000,-1.71,-1.46,2.99,0.02,1,-0.03,Wrong
194222,0.73,-0.67,1.59,0.11,0.15,0.99,Wrong
194531,0.67,-0.79,1.65,-0.05,0.04,1.01,Wrong
194541,0.92,-0.67,1.53,0.1,0.4,0.91,Correct
194646,0.85,-0.61,1.4,0.04,0.97,0.18,Correct
194737,0.61,-0.49,1.89,0.26,0.16,0.96,Correct
195000,3.72,-6.47,-3.17,0.1,0.97,-0.05,Wrong
195222,0.73,-0.92,1.53,0.11,0.15,0.99,Wrong
195531,0.92,-0.67,1.65,-0.04,0.04,1.01,Wrong
195541,0.98,-0.73,1.46,0.1,0.4,0.91,Correct
195646,0.79,-0.61,1.71,0.04,0.97,0.18,Correct
195737,0.85,-0.92,1.59,0.27,0.17,0.95,Correct
196000,4.82,-1.28,-0.24,0.17,0.96,0.07,Wrong
196222,0.92,-0.61,1.53,0.11,0.14,0.99,Wrong
196531,0.92,-0.55,1.65,-0.04,0.04,1.01,Wrong
196541,0.79,-1.04,1.53,0.1,0.41,0.91,Correct
196646,0.37,-0.61,1.53,0.04,0.96,0.18,Correct
196737,0.85,-0.61,1.4,0.27,0.16,0.95,Correct
197000,-8.48,1.28,-1.04,0.24,0.95,-0.02,Wrong
197222,0.79,-0.85,1.59,0.11,0.15,0.99,Wrong
197531,0.92,-0.85,1.89,-0.04,0.04,1.01,Wrong
197541,0.92,-0.67,1.77,0.09,0.4,0.91,Correct
197646,1.16,-1.04,1.28,0.04,0.97,0.18,Correct
197737,0.85,-0.67,1.71,0.26,0.16,0.95,Correct
198000,-1.53,-11.29,-4.15,0.1,0.93,-0.17,Wrong
198222,0.85,-0.73,1.53,0.11,0.15,0.99,Wrong
198531,0.85,-0.55,2.01,-0.05,0.04,1.01,Wrong
198541,0.73,-0.67,1.4,0.1,0.41,0.91,Correct
198646,0.85,-0.73,1.34,0.03,0.97,0.18,Correct
198737,1.16,-0.49,1.65,0.27,0.16,0.96,Correct
199000,0,-1.89,-12.82,0.23,0.93,-0.18,Wrong
199222,0.79,-0.55,1.53,0.11,0.15,0.99,Wrong
199531,0.73,-0.67,1.65,-0.05,0.04,1.01,Wrong
199541,0.73,-0.85,1.53,0.1,0.4,0.91,Correct
199646,0.92,-0.98,1.46,0.04,0.97,0.18,Correct
199737,0.85,-0.37,1.83,0.27,0.17,0.95,Correct
200000,3.91,-11.9,3.6,0.37,0.9,-0.17,Wrong
200222,0.79,-0.67,1.59,0.11,0.15,0.99,Wrong
200531,0.92,-0.85,1.83,-0.05,0.04,1.01,Wrong
200541,0.85,-0.67,1.28,0.1,0.4,0.91,Correct
200646,1.04,-0.98,1.53,0.04,0.97,0.18,Correct
200737,0.98,-0.85,1.53,0.26,0.16,0.95,Correct
201000,1.46,2.69,2.26,0.35,0.9,-0.12,Wrong
201222,0.79,-0.79,1.4,0.11,0.15,0.99,Wrong
201531,0.49,-0.37,1.65,-0.06,0.03,1.01,Wrong
201541,0.67,-0.37,1.46,0.1,0.4,0.91,Correct
201646,0.61,-0.98,1.34,0.04,0.97,0.18,Correct
201737,1.1,-1.22,1.77,0.26,0.16,0.96,Correct
202000,5.07,1.34,5.86,0.37,0.91,-0.15,Wrong
202222,1.04,-0.67,1.34,0.11,0.14,0.99,Wrong
202531,0.92,-0.98,1.95,-0.05,0.03,1.01,Wrong
202541,0.85,-0.79,1.34,0.1,0.4,0.91,Correct
202646,0.85,-0.49,1.65,0.04,0.97,0.17,Correct
202737,0.92,-0.37,1.65,0.26,0.16,0.95,Correct
203000,-0.43,-0.98,5.86,0.24,0.91,-0.14,Wrong
203222,0.61,-0.61,1.53,0.11,0.15,0.99,Wrong
203531,1.04,-1.16,1.34,-0.06,0.03,1.01,Wrong
203541,0.85,-0.79,1.53,0.1,0.4,0.91,Correct
203646,0.18,-0.55,1.65,0.03,0.97,0.18,Correct
203737,0.49,-0.37,2.2,0.27,0.16,0.95,Correct
204000,0.85,-3.54,2.5,0.28,0.95,-0.1,Wrong
204222,0.73,-0.79,1.4,0.11,0.15,0.99,Wrong
204531,0.61,-0.31,1.34,-0.05,0.04,1.01,Wrong
204541,0.67,-0.73,1.53,0.1,0.41,0.91,Correct
204646,0.98,-1.28,1.16,0.03,0.97,0.17,Correct
204737,0.61,-0.61,1.65,0.27,0.17,0.96,Correct
205000,3.11,-5.37,1.89,0.2,0.96,-0.07,Wrong
205222,0.85,-0.55,1.46,0.11,0.15,0.99,Wrong
205531,0.85,-0.67,1.95,-0.05,0.04,1.01,Wrong
205541,0.98,-0.79,1.53,0.1,0.4,0.91,Correct
205646,0.67,-0.61,1.46,0.04,0.97,0.18,Correct
205737,1.04,-1.16,1.77,0.27,0.16,0.95,Correct
206000,6.29,7.69,4.15,0.22,0.94,-0.02,Wrong
206222,0.67,-0.79,1.46,0.11,0.15,0.99,Wrong
206531,0.85,-0.79,1.77,-0.05,0.04,1.01,Wrong
206541,0.92,-0.61,1.53,0.1,0.4,0.91,Correct
206646,0.55,-0.67,1.34,0.03,0.97,0.18,Correct
206737,0.73,-0.79,1.34,0.27,0.16,0.95,Correct
207000,-2.38,-0.79,2.81,0.16,0.97,-0.02,Wrong
207222,0.85,-0.67,1.46,0.11,0.15,0.99,Wrong
207531,0.79,-1.1,1.89,-0.04,0.04,1.01,Wrong
207541,0.79,-0.61,1.59,0.1,0.4,0.91,Correct
207646,0.85,-0.49,1.46,0.03,0.97,0.17,Correct
207737,0.92,-0.98,1.83,0.27,0.16,0.95,Correct
208000,1.46,-11.72,1.83,0.12,0.99,-0.03,Wrong
208222,0.85,-0.79,1.46,0.11,0.15,0.99,Wrong
208531,0.85,-0.73,1.83,-0.05,0.04,1.01,Wrong
208541,0.79,-0.49,1.59,0.1,0.4,0.91,Correct
208646,0.67,-0.61,1.65,0.04,0.97,0.18,Correct
208737,0.61,-0.73,1.59,0.27,0.16,0.95,Correct
209000,2.32,-3.6,8.48,0.09,1.02,-0.01,Wrong
209222,0.73,-0.67,1.59,0.11,0.15,0.99,Wrong
209531,0.85,-0.85,1.53,-0.05,0.04,1.01,Wrong
209541,0.98,-0.73,1.59,0.1,0.4,0.91,Correct
209646,0.92,-0.79,1.65,0.03,0.97,0.17,Correct
209737,1.04,-0.67,1.95,0.27,0.16,0.96,Correct
210000,1.34,-2.38,1.83,0.06,1.01,-0.03,Wrong
210222,0.73,-0.79,1.4,0.11,0.14,0.99,Wrong
210531,0.79,-0.55,1.77,-0.05,0.04,1.01,Wrong
210541,0.85,-0.43,1.59,0.1,0.4,0.91,Correct
210646,0.79,-1.16,1.4,0.03,0.97,0.18,Correct
210737,0.92,-0.67,1.71,0.26,0.16,0.96,Correct
211000,4.21,-5.8,1.77,0.08,0.98,0.04,Wrong
211222,0.61,-0.85,1.53,0.11,0.15,0.99,Wrong
211531,0.61,-0.85,1.46,-0.05,0.04,1.01,Wrong
211541,1.04,-0.85,1.34,0.1,0.4,0.91,Correct
211646,0.61,-0.73,1.53,0.04,0.97,0.17,Correct
211737,0.73,-0.55,2.01,0.27,0.16,0.95,Correct
212000,2.99,-5.43,1.34,0.12,0.98,0.04,Wrong
212222,0.67,-0.55,1.46,0.11,0.15,0.99,Wrong
212531,0.73,-1.22,0.98,-0.05,0.04,1.01,Wrong
212541,0.92,-0.85,1.46,0.1,0.4,0.91,Correct
212646,0.55,-0.85,1.46,0.03,0.97,0.17,Correct
212737,0.85,-0.61,1.53,0.26,0.16,0.95,Correct
213000,0.61,2.5,2.32,0.06,0.97,0.04,Wrong
213222,0.73,-0.67,1.34,0.11,0.15,0.99,Wrong
213531,0.67,-1.1,0.92,-0.05,0.04,1.01,Wrong
213541,0.67,-0.73,1.59,0.1,0.4,0.91,Correct
213646,0.61,-0.98,1.59,0.03,0.97,0.17,Correct
213737,0.61,-1.1,1.71,0.27,0.17,0.95,Correct
214000,0.79,-1.34,3.11,0.07,0.98,0.06,Wrong
214222,0.79,-0.67,1.71,0.11,0.15,0.99,Wrong
214531,0.49,-0.18,2.08,-0.04,0.04,1.01,Wrong
214541,0.67,-0.98,1.65,0.1,0.4,0.91,Correct
214646,0.98,-0.92,1.59,0.03,0.97,0.17,Correct
214737,0.73,-0.55,1.4,0.27,0.16,0.95,Correct
215000,-2.2,1.46,0.85,0.1,0.98,0.01,Wrong
215222,0.92,-1.1,1.22,0.11,0.15,0.99,Wrong
215531,0.55,-0.92,1.77,-0.05,0.04,1.01,Wrong
215541,0.85,-0.73,1.59,0.1,0.4,0.91,Correct
215646,0.61,-0.92,1.28,0.03,0.97,0.17,Correct
215737,0.98,-1.46,1.89,0.26,0.16,0.95,Correct
216000,0.85,-9.09,2.08,0.1,0.96,-0.02,Wrong
216222,0.85,-0.12,1.53,0.1,0.14,0.99,Wrong
216531,0.85,-0.79,1.89,-0.05,0.04,1.01,Wrong
216541,0.67,-0.49,1.65,0.1,0.4,0.91,Correct
216646,0.79,-0.92,1.65,0.03,0.97,0.17,Correct
216737,0.73,-0.92,1.4,0.27,0.16,0.95,Correct
217000,1.59,-2.93,-3.05,0.07,0.98,0.03,Wrong
217222,0.85,-0.67,1.46,0.11,0.15,0.99,Wrong
217531,1.04,-1.1,1.77,-0.05,0.04,1.01,Wrong
217541,0.73,-0.98,1.53,0.1,0.4,0.91,Correct
217646,0.73,-0.79,1.53,0.03,0.97,0.17,Correct
217737,1.1,-0.73,1.89,0.27,0.16,0.95,Correct
218000,0.61,0.98,1.95,0.07,0.98,0.04,Wrong
218222,0.67,-0.73,1.4,0.11,0.15,0.99,Wrong
218531,0.79,-0.24,2.2,-0.05,0.04,1.01,Wrong
218541,0.79,-0.55,1.71,0.1,0.41,0.92,Correct
218646,0.79,-0.67,1.46,0.03,0.97,0.17,Correct
218737,0.73,-0.79,1.59,0.26,0.17,0.96,Correct
219000,0.24,-2.5,1.71,0.08,0.97,0.02,Wrong
219222,0.73,-0.61,1.59,0.11,0.15,0.99,Wrong
219531,0.73,-0.55,2.2,-0.05,0.04,1.01,Wrong
219541,0.49,-0.79,1.46,0.11,0.41,0.91,Correct
219646,0.79,-1.16,1.46,0.03,0.97,0.17,Correct
219737,0.85,-0.24,1.71,0.27,0.16,0.95,Correct
220000,1.16,-2.08,3.72,0.08,0.98,0.05,Wrong
220222,0.98,-0.61,1.53,0.11,0.15,0.99,Wrong
220531,0.61,-0.31,2.5,-0.06,0.04,1.01,Wrong
220541,0.49,0.06,1.59,0.09,0.4,0.92,Correct
220646,0.98,-1.16,1.4,0.03,0.97,0.17,Correct
220737,1.1,-1.04,1.59,0.26,0.16,0.95,Correct
221000,-1.16,-4.64,-0.55,0.05,0.98,0.03,Wrong
221222,0.79,-0.61,1.65,0.11,0.14,0.99,Wrong
221531,0.73,-0.67,1.59,-0.05,0.04,1.01,Wrong
221541,0.98,-0.37,1.53,0.1,0.4,0.91,Correct
221646,0.92,-0.73,1.53,0.03,0.97,0.17,Correct
221737,1.1,0.06,2.14,0.27,0.16,0.95,Correct
222000,0.79,-0.92,2.32,0.07,0.98,0.02,Wrong
222222,0.67,-0.92,1.34,0.11,0.14,0.99,Wrong
222531,0.98,-0.79,1.65,-0.05,0.04,1.01,Wrong
222541,0.73,-0.67,1.65,0.09,0.41,0.92,Correct
222646,0.92,-0.61,1.59,0.03,0.97,0.17,Correct
222737,0.31,2.75,3.17,0.29,0.19,0.94,Correct
223000,1.22,-0.49,2.75,0.08,0.98,0.03,Wrong
223222,0.85,-0.73,1.46,0.11,0.15,0.99,Wrong
223531,0.67,-0.61,1.65,-0.05,0.04,1.01,Wrong
223541,0.61,-1.1,1.28,0.09,0.4,0.91,Correct
223646,1.16,-0.79,1.4,0.03,0.97,0.17,Correct
223737,-0.24,-0.55,4.58,0.34,0.23,0.92,Correct
224000,0.98,-2.44,2.81,0.08,0.97,0.04,Wrong
224222,0.73,-0.73,1.28,0.11,0.14,0.99,Wrong
224531,0.92,-0.85,1.83,-0.05,0.04,1.01,Wrong
224541,0.85,-0.92,1.46,0.09,0.4,0.91,Correct
224646,0.67,-0.79,1.59,0.03,0.97,0.17,Correct
224737,-1.34,-3.11,-2.87,0.31,0.23,0.94,Correct
225000,0.12,-0.73,2.14,0.07,0.98,0.03,Wrong
225222,0.98,-0.98,1.53,0.11,0.15,0.99,Wrong
225531,0.73,-0.98,1.53,-0.04,0.04,1.01,Wrong
225541,0.73,-0.43,1.28,0.09,0.41,0.92,Correct
225646,1.1,-0.85,1.71,0.03,0.97,0.17,Correct
225737,2.01,-5.86,-0.85,0.25,0.23,0.95,Correct
226000,3.78,1.59,5.19,0.1,0.97,0.05,Wrong
226222,0.73,-0.73,1.53,0.11,0.14,0.99,Wrong
226531,0.92,-0.55,2.08,-0.04,0.03,1.01,Wrong
226541,0.92,-0.79,1.59,0.09,0.4,0.91,Correct
226646,0.55,-0.43,1.59,0.03,0.97,0.17,Correct
226737,2.5,0.49,5.07,0.25,0.21,0.95,Correct
227000,-0.43,-1.22,0.98,0.05,0.98,0.03,Wrong
227222,0.85,-0.73,1.46,0.11,0.15,0.99,Wrong
227531,0.92,-0.85,1.71,-0.05,0.04,1.01,Wrong
227541,0.67,-0.73,1.53,0.09,0.4,0.91,Correct
227646,0.67,-0.55,1.65,0.03,0.97,0.17,Correct
227737,1.16,-4.09,2.08,0.31,0.2,0.92,Correct
228000,0.06,-0.18,3.17,0.04,0.98,0.02,Wrong
228222,0.79,-0.79,1.46,0.11,0.14,0.99,Wrong
228531,0.79,-0.61,2.01,-0.05,0.03,1.01,Wrong
228541,0.85,-0.67,1.34,0.09,0.4,0.91,Correct
228646,0.73,-0.98,1.34,0.03,0.97,0.17,Correct
228737,1.28,-1.83,1.28,0.28,0.21,0.94,Correct
229000,0.79,-3.48,1.89,0.04,0.98,0.02,Wrong
229222,0.85,-0.61,1.65,0.11,0.14,0.99,Wrong
229531,0.85,-0.98,1.59,-0.05,0.04,1.01,Wrong
229541,1.16,-0.92,1.71,0.09,0.4,0.91,Correct
229646,0.85,-0.55,1.4,0.03,0.97,0.17,Correct
229737,1.53,2.01,2.81,0.31,0.22,0.94,Correct
230000,1.53,-1.65,2.99,0.04,0.98,0.02,Wrong
230222,0.67,-0.67,1.34,0.11,0.15,0.99,Wrong
230531,0.92,-0.79,1.71,-0.05,0.04,1.01,Wrong
230541,0.79,-0.49,1.53,0.09,0.4,0.91,Correct
230646,0.67,-0.85,1.46,0.03,0.97,0.17,Correct
230737,1.65,-6.1,4.64,0.35,0.2,0.91,Correct
231000,0.31,-2.56,2.01,0.07,0.99,0.04,Wrong
231222,0.49,-0.67,1.53,0.11,0.14,0.99,Wrong
231531,0.98,-0.85,1.65,-0.05,0.04,1.01,Wrong
231541,0.92,-0.79,1.65,0.09,0.4,0.91,Correct
231646,0.73,-0.55,1.53,0.03,0.97,0.17,Correct
231737,0.92,-4.82,2.62,0.36,0.23,0.92,Correct
232000,0.85,0,1.4,0.04,0.98,0.03,Wrong
232222,1.22,-1.71,1.34,0.11,0.15,0.99,Wrong
232531,0.79,-0.79,1.77,-0.05,0.04,1.01,Wrong
232541,1.04,-0.73,1.59,0.09,0.4,0.91,Correct
232646,0.85,-1.4,1.46,0.03,0.96,0.17,Correct
232737,-0.12,-10.31,-2.14,0.29,0.22,0.94,Correct
233000,1.46,0.37,1.46,0.04,0.98,0.04,Wrong
233222,-1.22,-0.49,-3.54,0.16,0.13,0.95,Wrong
233531,0.92,-0.79,1.34,-0.05,0.04,1.01,Wrong
233541,0.73,-0.43,1.53,0.09,0.4,0.92,Correct
233646,0.55,-0.79,1.34,0.03,0.97,0.17,Correct
233737,-0.55,2.08,2.93,0.26,0.22,0.95,Correct
234000,3.48,-3.6,1.83,0.04,0.98,0.02,Wrong
234222,0.67,-0.37,1.16,0.07,0.16,0.99,Wrong
234531,0.73,-0.98,1.59,-0.06,0.03,1.01,Wrong
234541,0.73,-0.73,1.53,0.09,0.4,0.91,Correct
234646,0.98,-0.98,1.46,0.03,0.97,0.17,Correct
234737,0.49,-2.14,-0.85,0.19,0.24,0.96,Correct
235000,0.79,0.24,1.53,0.04,0.98,0.04,Wrong
235222,0.55,-0.61,1.34,0.07,0.16,1,Wrong
235531,0.73,-0.98,1.71,-0.06,0.04,1.01,Wrong
235541,0.79,-0.67,1.53,0.09,0.4,0.91,Correct
235646,0.61,-0.49,1.53,0.03,0.97,0.17,Correct
235737,1.1,4.76,1.34,0.26,0.22,0.96,Correct
236000,0.43,-0.79,1.28,0.02,0.98,0.04,Wrong
236222,0.73,-0.67,1.59,0.07,0.16,1,Wrong
236531,0.98,-1.34,1.28,-0.06,0.03,1.01,Wrong
236541,1.04,-0.55,1.46,0.09,0.4,0.91,Correct
236646,0.85,-0.67,1.59,0.03,0.97,0.17,Correct
236737,1.65,-1.77,2.01,0.27,0.24,0.92,Correct
237000,0.73,-0.85,-0.06,0.05,0.98,0.04,Wrong
237222,0.73,-0.55,1.65,0.07,0.16,1,Wrong
237531,0.92,-0.98,1.95,-0.05,0.04,1.01,Wrong
237541,0.85,-0.79,1.65,0.09,0.4,0.91,Correct
237646,0.67,-0.73,1.71,0.03,0.97,0.17,Correct
237737,1.89,-0.73,1.53,0.22,0.2,0.96,Correct
238000,7.69,1.04,-1.22,0.11,0.97,0.17,Wrong
238222,0.43,-0.31,1.77,0.06,0.16,1,Wrong
238531,0.73,-0.73,1.65,-0.06,0.03,1.01,Wrong
238541,1.1,-0.61,1.34,0.09,0.4,0.91,Correct
238646,0.79,-0.49,1.4,0.03,0.97,0.16,Correct
238737,1.22,-2.01,1.22,0.21,0.2,0.95,Correct
239000,-2.32,-4.76,-0.85,0.07,0.93,0.22,Wrong
239222,0.49,-0.61,1.65,0.08,0.15,1,Wrong
239531,0.67,-0.37,1.83,-0.05,0.03,1.01,Wrong
239541,0.73,-0.37,1.4,0.09,0.4,0.91,Correct
239646,0.37,-0.43,1.65,0.03,0.97,0.17,Correct
239737,0.73,0.31,1.95,0.2,0.2,0.96,Correct
240000,-1.4,14.65,2.14,0.15,0.99,0.07,Wrong
240222,0.92,-0.92,1.4,0.07,0.16,1,Wrong
240531,0.79,-1.16,1.65,-0.05,0.04,1.01,Wrong
240541,1.04,-0.49,1.59,0.1,0.41,0.91,Correct
240646,1.16,-1.22,1.4,0.03,0.97,0.17,Correct
240737,0.98,-1.59,1.65,0.2,0.2,0.96,Correct
241000,-11.72,-1.83,2.14,0.25,0.95,0.05,Wrong
241222,0.61,-0.37,2.14,0.07,0.16,0.99,Wrong
241531,0.67,-0.98,1.83,-0.05,0.03,1.01,Wrong
241541,0.79,-0.79,1.34,0.09,0.41,0.91,Correct
241646,0.67,-0.79,1.59,0.03,0.97,0.17,Correct
241737,1.28,-1.28,1.89,0.2,0.2,0.96,Correct
242000,4.09,-11.54,8.18,0.37,0.95,-0.09,Wrong
242222,0.73,-0.79,1.4,0.07,0.16,0.99,Wrong
242531,0.79,-0.67,1.53,-0.05,0.04,1.01,Wrong
242541,0.98,-0.61,1.4,0.09,0.4,0.91,Correct
242646,0.85,-0.31,1.59,0.03,0.97,0.16,Correct
242737,0.73,-1.71,1.34,0.2,0.2,0.96,Correct
243000,1.34,-2.14,1.71,0.21,0.96,-0.07,Wrong
243222,0.85,-0.73,1.46,0.07,0.16,1,Wrong
243531,0.67,-0.67,1.22,-0.06,0.04,1.01,Wrong
243541,0.85,-0.55,1.46,0.09,0.4,0.91,Correct
243646,0.61,-0.49,1.65,0.03,0.97,0.17,Correct
243737,1.04,-0.79,1.71,0.2,0.2,0.96,Correct
244000,0.18,-0.67,0.98,0.21,0.96,-0.07,Wrong
244222,0.79,-0.73,1.59,0.07,0.16,1,Wrong
244531,0.85,-1.04,1.65,-0.06,0.03,1.01,Wrong
244541,0.55,-0.55,1.53,0.09,0.4,0.91,Correct
244646,0.73,-0.61,1.65,0.03,0.97,0.17,Correct
244737,0.85,-0.79,1.59,0.2,0.2,0.96,Correct
245000,1.4,-2.38,-0.18,0.2,0.95,-0.06,Wrong
245222,0.92,-0.43,1.71,0.07,0.16,1,Wrong
245531,0.85,-1.04,1.77,-0.05,0.03,1.01,Wrong
245541,0.73,-1.53,1.34,0.1,0.41,0.91,Correct
245646,0.73,-0.67,1.59,0.03,0.97,0.17,Correct
245737,1.04,-0.67,1.65,0.21,0.2,0.96,Correct
246000,0.55,-0.55,1.53,0.21,0.95,-0.06,Wrong
246222,1.04,-0.98,1.77,0.05,0.16,1,Wrong
246531,0.98,-1.1,1.89,-0.05,0.03,1.01,Wrong
246541,1.4,-1.83,1.1,0.09,0.4,0.91,Correct
246646,0.55,-0.79,1.53,0.03,0.97,0.17,Correct
246737,0.92,-1.04,1.89,0.2,0.2,0.96,Correct
247000,1.16,0.12,1.65,0.2,0.95,-0.07,Wrong
247222,0.61,-0.85,1.53,0.07,0.16,1,Wrong
247531,0.73,-0.67,1.77,-0.05,0.03,1.01,Wrong
247541,1.83,1.53,0.79,0.09,0.39,0.9,Correct
247646,0.79,-0.67,1.46,0.03,0.97,0.17,Correct
247737,0.98,-1.04,1.59,0.21,0.2,0.96,Correct
248000,1.53,-1.71,0.49,0.2,0.96,-0.07,Wrong
248222,0.85,-0.67,1.53,0.07,0.16,0.99,Wrong
248531,0.67,0.24,-1.28,-0.07,0.05,1.01,Wrong
248541,2.5,2.08,-0.18,0.16,0.38,0.91,Correct
248646,0.61,-0.92,1.4,0.03,0.97,0.17,Correct
248737,1.1,0.67,2.38,0.2,0.2,0.96,Correct
249000,0.18,-2.32,0.06,0.19,0.96,-0.08,Wrong
249222,0.85,-0.73,1.46,0.07,0.16,1,Wrong
249531,-0.43,-3.3,-3.6,-0.04,0.06,1.02,Wrong
249541,-1.89,-13.18,-1.71,0.22,0.4,0.87,Correct
249646,0.85,-0.79,1.34,0.03,0.97,0.17,Correct
249737,0.49,1.65,1.83,0.21,0.2,0.96,Correct
250000,0.67,-1.28,1.04,0.22,0.95,-0.06,Wrong
250222,0.79,-0.61,1.59,0.07,0.15,1,Wrong
250531,-3.23,4.09,6.84,0.06,0.1,1,Wrong
250541,0.73,-2.2,0.06,0.12,0.39,0.92,Correct
250646,0.79,-0.67,1.4,0.03,0.97,0.17,Correct
250737,0.55,9.16,6.1,0.31,0.21,0.93,Correct
251000,-0.73,-0.73,1.53,0.2,0.96,-0.07,Wrong
251222,0.85,-0.79,1.65,0.07,0.16,1,Wrong
251531,-5.49,4.39,12.39,0.06,0.23,0.94,Wrong
251541,0.98,-1.46,0.49,0.12,0.39,0.91,Correct
251646,0.67,-0.73,1.46,0.03,0.97,0.17,Correct
251737,2.56,3.54,5.13,0.36,0.19,0.92,Correct
252000,0.98,-0.79,1.1,0.19,0.95,-0.08,Wrong
252222,0.67,-0.67,1.59,0.07,0.15,1,Wrong
252531,1.34,-5.43,5.8,0.12,0.33,0.93,Wrong
252541,1.16,0.06,1.16,0.15,0.38,0.93,Correct
252646,0.85,-0.92,1.59,0.03,0.97,0.17,Correct
252737,1.4,0.92,1.1,0.4,0.22,0.87,Correct
253000,0.61,-0.67,1.89,0.21,0.95,-0.08,Wrong
253222,0.85,-0.61,1.46,0.07,0.16,1,Wrong
253531,-0.73,0.43,2.62,-0.05,0.35,0.94,Wrong
253541,0.43,-0.98,1.83,0.12,0.4,0.91,Correct
253646,0.55,-0.55,1.65,0.03,0.97,0.17,Correct
253737,-2.38,-4.64,-4.15,0.39,0.21,0.9,Correct
254000,0.61,-0.43,1.53,0.2,0.96,-0.08,Wrong
254222,0.67,-0.55,1.46,0.07,0.16,0.99,Wrong
254531,2.01,-2.99,-0.37,0,0.35,0.95,Wrong
254541,0.85,-0.43,2.01,0.12,0.4,0.9,Correct
254646,0.55,-0.79,1.65,0.03,0.97,0.17,Correct
254737,1.65,-0.12,4.33,0.31,0.23,0.91,Correct
255000,0.92,-0.37,1.71,0.21,0.95,-0.08,Wrong
255222,0.67,-0.55,1.71,0.07,0.15,0.99,Wrong
255531,-0.06,0,2.26,-0.03,0.36,0.94,Wrong
255541,0.79,-0.92,1.4,0.12,0.4,0.91,Correct
255646,0.67,-0.67,1.59,0.03,0.97,0.17,Correct
255737,-0.61,8.42,-4.03,0.31,0.34,0.94,Correct
256000,0.43,-0.12,1.83,0.19,0.96,-0.08,Wrong
256222,0.98,-0.79,1.71,0.07,0.16,0.99,Wrong
256531,3.3,-2.38,-0.67,-0.02,0.37,0.95,Wrong
256541,0.85,-0.79,1.46,0.12,0.4,0.91,Correct
256646,0.92,-0.85,1.46,0.03,0.97,0.17,Correct
256737,0.61,4.94,3.23,0.27,0.28,0.93,Correct
257000,0.85,-0.37,1.28,0.19,0.96,-0.08,Wrong
257222,0.73,-0.79,1.46,0.07,0.15,0.99,Wrong
257531,-9.52,2.87,-5.25,-0.01,0.19,0.87,Wrong
257541,0.73,-0.92,1.4,0.12,0.4,0.91,Correct
257646,0.61,-0.85,1.65,0.03,0.97,0.17,Correct
257737,1.22,3.17,0.92,0.37,0.24,0.89,Correct
258000,0.55,-0.31,1.59,0.2,0.96,-0.08,Wrong
258222,0.85,-0.67,1.46,0.07,0.15,1,Wrong
258531,-2.99,-7.02,-4.15,0.03,0.6,0.88,Wrong
258541,0.85,-0.67,1.59,0.12,0.4,0.91,Correct
258646,0.73,-1.04,1.59,0.03,0.97,0.17,Correct
258737,9.77,16.3,1.28,0.44,0.14,0.84,Correct
259000,1.04,-1.04,1.16,0.18,0.96,-0.09,Wrong
259222,0,1.04,1.89,0.08,0.16,0.99,Wrong
259531,0.67,0.43,-1.46,0.02,0.56,0.93,Wrong
259541,0.73,-0.73,1.34,0.12,0.4,0.91,Correct
259646,0.67,-0.55,1.65,0.03,0.97,0.17,Correct
259737,1.1,-1.22,1.71,0.35,0.37,1.09,Correct
260000,1.04,-0.92,1.59,0.18,0.96,-0.09,Wrong
260222,1.34,-1.89,1.16,0.08,0.16,0.99,Wrong
260531,-0.92,-3.36,1.1,0.03,0.48,0.87,Wrong
260541,0.92,-0.92,1.4,0.12,0.4,0.91,Correct
260646,0.55,-0.79,1.4,0.03,0.97,0.16,Correct
260737,-4.15,-8.24,-7.51,0.33,0.23,0.94,Correct
261000,0.85,-0.55,1.4,0.18,0.96,-0.09,Wrong
261222,0.79,-0.73,1.53,0.08,0.16,0.99,Wrong
261531,1.28,-3.54,-0.43,-0.01,0.58,0.86,Wrong
261541,0.67,-0.73,1.4,0.12,0.4,0.91,Correct
261646,0.79,-1.22,1.34,0.03,0.97,0.16,Correct
261737,0.43,-4.39,0.79,0.37,0.21,0.91,Correct
262000,1.22,-1.34,0.98,0.17,0.95,-0.09,Wrong
262222,0.79,-0.85,1.53,0.08,0.16,0.99,Wrong
262531,0.24,12.27,10.86,0.07,0.55,0.84,Wrong
262541,0.85,-0.92,1.46,0.12,0.4,0.91,Correct
262646,0.67,-0.79,1.34,0.03,0.97,0.16,Correct
262737,3.78,1.89,8.48,0.32,0.23,0.9,Correct
263000,0.92,-0.85,1.53,0.18,0.96,-0.09,Wrong
263222,0.92,-0.73,1.59,0.08,0.16,0.99,Wrong
263531,0.55,-7.2,-2.81,-0.07,0.58,0.83,Wrong
263541,0.85,-0.67,1.34,0.12,0.4,0.91,Correct
263646,0.79,-0.79,1.46,0.03,0.97,0.16,Correct
263737,0.73,-2.2,0.98,0.32,0.22,0.92,Correct
264000,0.85,-0.31,1.46,0.18,0.95,-0.08,Wrong
264222,0.85,-0.85,1.34,0.08,0.16,0.99,Wrong
264531,6.1,-2.62,-1.28,0.05,0.55,0.85,Wrong
264541,0.73,-0.92,1.53,0.12,0.4,0.91,Correct
264646,0.79,-0.49,1.53,0.03,0.97,0.16,Correct
264737,0.67,-1.04,1.71,0.31,0.22,0.93,Correct
265000,-3.54,1.28,1.65,0.2,0.96,-0.1,Wrong
265222,0.85,-0.61,1.59,0.09,0.17,0.99,Wrong
265531,1.4,-1.59,-1.34,-0.07,0.52,0.85,Wrong
265541,0.85,-0.61,1.4,0.12,0.4,0.91,Correct
265646,0.67,-0.73,1.53,0.03,0.97,0.16,Correct
265737,1.04,0.12,1.83,0.33,0.22,0.92,Correct
266000,0.31,-3.72,-0.98,0.24,0.95,-0.12,Wrong
266222,0.61,-0.73,1.83,0.1,0.16,0.99,Wrong
266531,1.4,-3.91,-1.34,-0.09,0.51,0.85,Wrong
266541,0.85,-0.79,1.53,0.12,0.4,0.91,Correct
266646,0.73,-0.79,1.4,0.03,0.97,0.16,Correct
266737,1.04,-1.53,1.4,0.32,0.22,0.92,Correct
267000,2.69,-4.76,2.62,0.23,0.96,-0.09,Wrong
267222,1.1,-0.79,1.4,0.09,0.16,0.99,Wrong
267531,1.83,-1.34,0.12,-0.06,0.52,0.85,Wrong
267541,0.92,-0.61,1.53,0.12,0.4,0.91,Correct
267646,0.43,-0.37,1.22,0.03,0.97,0.16,Correct
267737,0.92,-0.92,1.53,0.3,0.21,0.93,Correct
268000,-4.46,1.4,1.28,0.21,0.93,-0.03,Wrong
268222,0.92,-0.98,1.59,0.08,0.16,0.99,Wrong
268531,-0.24,-0.73,0.79,-0.04,0.52,0.86,Wrong
268541,0.79,-0.49,1.34,0.12,0.4,0.91,Correct
268646,0.43,-0.31,1.53,0.03,0.97,0.16,Correct
268737,0.79,-1.28,1.71,0.31,0.22,0.92,Correct
269000,1.46,1.16,4.03,0.25,0.93,-0.04,Wrong
269222,0.73,-0.61,1.83,0.08,0.16,0.99,Wrong
269531,0.31,-0.85,1.59,-0.06,0.54,0.83,Wrong
269541,0.92,-0.98,1.53,0.09,0.4,0.91,Correct
269646,0.92,-1.1,1.4,0.03,0.97,0.16,Correct
269737,1.04,-0.55,1.04,0.33,0.22,0.91,Correct
270000,1.95,-0.55,1.77,0.23,0.95,-0.05,Wrong
270222,0.79,-1.04,0.67,0.1,0.14,0.99,Wrong
270531,2.38,-1.1,0.73,-0.07,0.54,0.85,Wrong
270541,0.73,-1.28,1.83,0.12,0.4,0.91,Correct
270646,0.43,-0.79,1.4,0.03,0.97,0.16,Correct
270737,1.59,0,1.71,0.4,0.23,0.9,Correct
271000,3.78,-1.77,0.55,0.27,0.94,-0.02,Wrong
271222,0.24,0.55,0.92,0.08,0.18,0.99,Wrong
271531,1.22,1.4,2.5,-0.06,0.54,0.84,Wrong
271541,1.34,6.71,5.13,0.13,0.39,0.91,Correct
271646,0.85,-0.37,1.46,0.03,0.97,0.16,Correct
271737,1.46,3.78,2.81,0.42,0.25,0.94,Correct
272000,2.2,-0.92,1.53,0.21,0.95,-0.01,Wrong
272222,0.73,-0.67,1.46,0.07,0.19,0.99,Wrong
272531,1.77,0.98,4.52,-0.08,0.54,0.84,Wrong
272541,0.98,-1.16,1.53,0.14,0.4,0.9,Correct
272646,0.67,-0.98,1.46,0.03,0.97,0.16,Correct
272737,1.46,5.07,2.87,0.43,0.27,0.88,Correct
273000,1.46,-2.69,-1.4,0.22,0.96,0.02,Wrong
273222,0.85,-0.61,1.65,0.07,0.19,0.99,Wrong
273531,0.55,0.85,0.37,-0.05,0.52,0.86,Wrong
273541,0.85,-1.04,1.28,0.13,0.4,0.91,Correct
273646,0.79,-0.67,1.53,0.03,0.97,0.16,Correct
273737,4.15,3.48,2.62,0.38,0.27,0.86,Correct
274000,0,-3.85,0.24,0.27,0.94,0.02,Wrong
274222,0.67,-0.73,1.46,0.07,0.19,0.99,Wrong
274531,2.14,4.09,2.56,-0.05,0.54,0.86,Wrong
274541,0.61,-0.73,1.22,0.13,0.4,0.91,Correct
274646,0.55,-0.85,1.53,0.03,0.97,0.16,Correct
274737,-0.12,-9.7,-0.55,0.36,0.23,0.94,Correct
275000,2.14,-0.06,1.65,0.25,0.94,0.02,Wrong
275222,0.79,-0.92,1.46,0.07,0.19,0.99,Wrong
275531,-1.65,2.99,3.6,-0.04,0.52,0.86,Wrong
275541,0.67,-1.22,1.4,0.13,0.4,0.91,Correct
275646,1.1,-0.55,1.71,0.03,0.97,0.16,Correct
275737,1.46,1.65,5.62,0.41,0.22,0.87,Correct
276000,2.38,-0.18,3.3,0.28,0.95,0.05,Wrong
276222,0.67,-0.92,1.59,0.07,0.19,0.99,Wrong
276531,0.61,-0.43,2.2,-0.05,0.52,0.86,Wrong
276541,0.85,-0.55,1.59,0.13,0.4,0.91,Correct
276646,0.85,-0.31,1.53,0.03,0.97,0.16,Correct
276737,3.23,2.44,4.03,0.39,0.37,0.82,Correct
277000,0.43,-1.77,1.34,0.26,0.94,0.05,Wrong
277222,0.92,-0.55,1.46,0.07,0.19,0.99,Wrong
277531,1.34,-0.98,1.28,-0.05,0.54,0.86,Wrong
277541,0.79,-0.67,1.46,0.13,0.4,0.91,Correct
277646,0.55,-0.67,1.53,0.03,0.97,0.16,Correct
277737,0.98,12.15,5.98,0.5,0.28,0.83,Correct
278000,-1.16,-1.1,2.01,0.16,0.95,-0.02,Wrong
278222,0.67,-0.67,1.59,0.07,0.19,0.99,Wrong
278531,4.94,-0.98,1.53,-0.05,0.54,0.86,Wrong
278541,0.98,-0.55,1.53,0.13,0.4,0.9,Correct
278646,0.61,-0.43,1.95,0.03,0.97,0.16,Correct
278737,-8.3,-27.89,2.93,0.51,0.13,0.84,Correct
279000,3.23,-1.89,-1.83,0.26,0.96,0,Wrong
279222,0.67,-0.67,1.59,0.07,0.19,0.99,Wrong
279531,1.53,-0.92,3.05,-0.03,0.52,0.86,Wrong
279541,0.79,-0.67,1.4,0.13,0.4,0.91,Correct
279646,0.98,-1.1,1.34,0.03,0.97,0.16,Correct
279737,-0.06,-5.92,-0.98,0.44,0.17,0.88,Correct
280000,1.34,0.12,0.73,0.23,0.96,0.01,Wrong
280222,0.98,-0.85,1.34,0.07,0.19,0.99,Wrong
280531,-1.59,-3.97,0.06,-0.04,0.56,0.84,Wrong
280541,0.61,-2.62,-0.79,0.11,0.39,0.9,Correct
280646,0.85,-0.06,1.4,0.02,0.97,0.17,Correct
280737,0.92,-1.46,1.83,0.37,0.16,0.9,Correct
281000,0.92,-0.73,1.83,0.22,0.95,0.01,Wrong
281222,0.85,-0.73,1.4,0.07,0.19,0.99,Wrong
281531,2.26,-0.37,1.53,-0.02,0.55,0.84,Wrong
281541,1.04,-0.79,1.04,0.12,0.4,0.91,Correct
281646,0.85,-0.85,1.22,0.03,0.97,0.16,Correct
281737,-0.12,-2.38,-1.83,0.36,0.2,0.91,Correct
282000,0.73,-0.12,1.89,0.22,0.96,0.01,Wrong
282222,0.85,-0.67,1.59,0.07,0.19,0.99,Wrong
282531,1.22,-1.46,0.37,-0.02,0.54,0.85,Wrong
282541,1.16,-2.14,1.53,0.12,0.39,0.91,Correct
282646,0.92,-0.98,1.53,0.03,0.97,0.16,Correct
282737,1.16,-13.55,2.26,0.29,0.18,0.9,Correct
283000,1.59,-1.1,1.16,0.22,0.95,0.01,Wrong
283222,0.55,-0.67,1.46,0.07,0.19,0.99,Wrong
283531,0.12,-1.4,0.98,-0.02,0.55,0.81,Wrong
283541,0.85,-1.22,1.4,0.12,0.39,0.91,Correct
283646,0.73,-0.61,1.53,0.03,0.97,0.16,Correct
283737,0.79,-0.85,1.16,0.31,0.19,0.93,Correct
284000,0.24,0.55,1.4,0.22,0.96,0.01,Wrong
284222,0.73,-0.73,1.34,0.07,0.19,0.99,Wrong
284531,0.37,-4.39,0.31,-0.03,0.57,0.82,Wrong
284541,0.85,-0.55,1.46,0.13,0.39,0.91,Correct
284646,0.79,-0.92,1.46,0.03,0.97,0.16,Correct
284737,0.55,-0.49,1.59,0.31,0.18,0.93,Correct
285000,0.43,-0.67,1.4,0.22,0.95,0.02,Wrong
285222,0.73,-0.85,1.65,0.07,0.19,0.99,Wrong
285531,0.85,0.67,2.01,-0.03,0.57,0.82,Wrong
285541,0.85,-0.85,1.53,0.12,0.39,0.91,Correct
285646,0.79,-0.55,1.46,0.03,0.97,0.16,Correct
285737,1.1,-0.67,1.83,0.32,0.18,0.93,Correct
286000,-1.83,4.03,5.37,0.26,0.95,0.03,Wrong
286222,0.73,-0.85,1.46,0.07,0.19,0.99,Wrong
286531,-1.22,-0.24,4.21,-0.02,0.56,0.83,Wrong
286541,0.49,-0.55,1.59,0.13,0.39,0.91,Correct
286646,1.28,-0.85,1.71,0.03,0.97,0.16,Correct
286737,1.04,-0.55,2.01,0.32,0.19,0.93,Correct
287000,0.37,0.85,2.69,0.21,0.95,0.01,Wrong
287222,0.49,-0.73,1.53,0.07,0.19,0.99,Wrong
287531,1.04,-7.45,-1.95,-0.07,0.56,0.79,Wrong
287541,0.79,-0.55,1.28,0.12,0.39,0.91,Correct
287646,0.98,-0.61,1.53,0.03,0.97,0.16,Correct
287737,0.73,-1.04,1.65,0.32,0.18,0.93,Correct
288000,0.92,-0.49,1.71,0.22,0.95,0.01,Wrong
288222,0.92,-0.79,1.65,0.07,0.19,0.99,Wrong
288531,0.12,-0.49,0.98,-0.04,0.56,0.83,Wrong
288541,0.73,-1.1,1.34,0.13,0.39,0.91,Correct
288646,0.55,-0.92,1.65,0.03,0.97,0.16,Correct
288737,0.92,-2.38,2.08,0.34,0.2,0.92,Correct
289000,1.53,-1.28,1.22,0.2,0.95,0.01,Wrong
289222,0.73,-0.67,1.53,0.07,0.19,0.99,Wrong
289531,0.31,-0.18,2.14,-0.03,0.58,0.82,Wrong
289541,0.79,-0.06,1.59,0.12,0.39,0.91,Correct
289646,0.85,-0.61,1.4,0.03,0.97,0.16,Correct
289737,0.92,-0.18,2.38,0.33,0.18,0.93,Correct
290000,0.49,-1.16,1.53,0.2,0.96,0.02,Wrong
290222,0.73,-0.92,1.4,0.07,0.19,0.99,Wrong
290531,1.22,-1.16,0.49,-0.03,0.57,0.82,Wrong
290541,0.67,-0.12,1.65,0.12,0.39,0.91,Correct
290646,0.49,-0.67,1.53,0.03,0.97,0.16,Correct
290737,1.4,-0.92,2.75,0.33,0.2,0.92,Correct
291000,0.67,-0.92,1.4,0.22,0.96,0.02,Wrong
291222,0.85,-0.85,1.46,0.07,0.19,0.99,Wrong
291531,1.71,-2.26,1.4,-0.04,0.56,0.81,Wrong
291541,0.73,-0.18,1.71,0.12,0.39,0.91,Correct
291646,0.79,-0.67,1.65,0.03,0.97,0.16,Correct
291737,1.1,-1.22,2.38,0.33,0.2,0.92,Correct
292000,-2.01,-3.6,0.55,0.22,0.94,0.01,Wrong
292222,0.79,-0.85,1.4,0.07,0.19,0.99,Wrong
292531,0.12,-0.98,1.34,-0.08,0.59,0.82,Wrong
292541,0.85,-0.79,1.4,0.12,0.39,0.91,Correct
292646,0.73,-0.73,1.46,0.03,0.97,0.16,Correct
292737,0.79,0.37,1.46,0.33,0.19,0.92,Correct
293000,0.31,0.43,2.32,0.22,0.95,0.02,Wrong
293222,0.49,-0.92,1.4,0.07,0.19,0.99,Wrong
293531,1.34,-0.92,0.98,-0.05,0.57,0.82,Wrong
293541,1.1,-1.53,1.4,0.12,0.39,0.91,Correct
293646,0.92,-0.79,1.34,0.03,0.97,0.16,Correct
293737,0.61,-0.85,1.65,0.34,0.2,0.92,Correct
294000,1.34,-2.2,0.12,0.22,0.95,0.02,Wrong
294222,0.92,-0.85,1.46,0.07,0.19,0.99,Wrong
294531,0.85,-0.73,0.92,-0.05,0.58,0.82,Wrong
294541,0.98,-1.4,1.46,0.12,0.39,0.91,Correct
294646,0.67,-0.79,1.59,0.03,0.97,0.16,Correct
294737,0.61,-0.06,1.65,0.34,0.19,0.92,Correct
295000,1.65,-1.4,1.16,0.23,0.95,0.04,Wrong
295222,0.79,-0.92,1.46,0.07,0.19,0.99,Wrong
295531,0.43,-0.49,3.72,-0.03,0.57,0.81,Wrong
295541,0.43,-0.12,1.65,0.13,0.39,0.92,Correct
295646,0.73,-0.79,1.28,0.03,0.97,0.16,Correct
295737,1.04,-1.22,1.95,0.33,0.2,0.92,Correct
296000,0,0.92,3.3,0.23,0.95,0.03,Wrong
296222,0.67,-0.85,1.28,0.07,0.19,0.99,Wrong
296531,-0.06,1.1,2.44,-0.06,0.58,0.83,Wrong
296541,0.85,-0.67,1.4,0.12,0.39,0.91,Correct
296646,0.61,-0.92,1.46,0.03,0.97,0.16,Correct
296737,0.79,-0.43,1.59,0.33,0.19,0.93,Correct
297000,0.79,-0.24,1.71,0.23,0.94,0.04,Wrong
297222,0.55,-0.61,1.46,0.07,0.19,0.99,Wrong
297531,2.5,-1.1,2.69,-0.05,0.58,0.81,Wrong
297541,0.67,-0.49,1.53,0.12,0.39,0.91,Correct
297646,0.79,-0.73,1.34,0.03,0.97,0.15,Correct
297737,0.98,-0.79,1.83,0.33,0.2,0.92,Correct
298000,1.34,-0.24,1.65,0.24,0.95,0.04,Wrong
298222,0.85,-0.85,1.59,0.07,0.19,0.99,Wrong
298531,1.1,-1.1,2.26,-0.05,0.58,0.8,Wrong
298541,0.61,-0.98,1.34,0.12,0.39,0.91,Correct
298646,1.22,-1.1,1.46,0.03,0.97,0.16,Correct
298737,0.92,-0.61,1.4,0.33,0.2,0.92,Correct
299000,-3.42,1.59,3.54,0.2,0.96,0.05,Wrong
299222,0.79,-0.85,1.59,0.07,0.19,0.99,Wrong
299531,1.22,-1.16,1.65,-0.05,0.59,0.8,Wrong
299541,0.98,-0.92,1.28,0.12,0.39,0.91,Correct
299646,0.67,-0.49,1.59,0.03,0.97,0.16,Correct
299737,1.77,-0.31,2.99,0.31,0.2,0.92,Correct
300000,2.2,-0.12,2.56,0.23,0.96,0.04,Wrong
300222,0.73,-0.61,1.53,0.07,0.19,0.99,Wrong
300531,0.37,-1.53,0.92,-0.05,0.6,0.81,Wrong
300541,0.79,-0.61,1.65,0.12,0.39,0.91,Correct
300646,1.04,-0.67,1.53,0.03,0.97,0.16,Correct
300737,-0.31,5,2.38,0.4,0.18,0.93,Correct
301000,0.43,-1.59,0.61,0.21,0.96,0.02,Wrong
301222,0.79,-0.92,1.65,0.07,0.19,0.99,Wrong
301531,0.12,-2.69,1.53,-0.04,0.59,0.8,Wrong
301541,0.79,-0.67,1.65,0.13,0.39,0.91,Correct
301646,0.73,-0.73,1.53,0.03,0.97,0.16,Correct
301737,5.55,3.97,4.09,0.36,0.2,0.9,Correct
302000,1.1,-0.31,2.14,0.22,0.96,0.04,Wrong
302222,0.92,-0.85,1.4,0.07,0.19,0.99,Wrong
302531,1.16,2.01,2.56,-0.03,0.59,0.8,Wrong
302541,0.79,-0.73,1.59,0.12,0.39,0.91,Correct
302646,0.98,-0.92,1.65,0.03,0.97,0.16,Correct
302737,1.4,-3.23,0.98,0.33,0.18,0.92,Correct
303000,1.28,-0.43,1.22,0.21,0.96,0.04,Wrong
303222,0.98,-0.79,1.53,0.07,0.19,0.99,Wrong
303531,0.12,-0.67,1.83,-0.05,0.6,0.81,Wrong
303541,0.79,-0.55,1.71,0.12,0.39,0.91,Correct
303646,0.73,-0.73,1.46,0.03,0.97,0.16,Correct
303737,1.53,-1.22,2.62,0.32,0.18,0.93,Correct
304000,1.65,-0.12,1.89,0.21,0.95,0.04,Wrong
304222,0.85,-0.73,1.53,0.07,0.19,0.99,Wrong
304531,0.85,-0.12,2.38,-0.04,0.59,0.8,Wrong
304541,0.73,-0.73,1.77,0.12,0.39,0.91,Correct
304646,0.61,-1.04,1.22,0.01,0.97,0.16,Correct
304737,-0.06,2.32,0.18,0.35,0.18,0.93,Correct
305000,0.92,-0.85,1.71,0.21,0.95,0.04,Wrong
305222,0.67,-0.79,1.46,0.07,0.19,0.99,Wrong
305531,1.04,0.98,1.89,-0.05,0.6,0.79,Wrong
305541,0.98,-0.55,1.59,0.12,0.39,0.91,Correct
305646,0.92,-0.43,1.34,0.03,0.97,0.14,Correct
305737,1.16,-0.18,2.26,0.33,0.18,0.93,Correct
306000,0.92,-1.53,1.04,0.21,0.95,0.04,Wrong
306222,0.73,-0.61,1.65,0.07,0.19,0.99,Wrong
306531,0.24,0.06,2.14,-0.04,0.59,0.8,Wrong
306541,0.85,-0.67,1.53,0.12,0.39,0.91,Correct
306646,0.12,-1.28,1.53,0.03,0.97,0.14,Correct
306737,-0.18,1.53,-0.24,0.35,0.19,0.9,Correct
307000,0.98,-0.67,1.59,0.21,0.95,0.04,Wrong
307222,0.67,-0.73,1.28,0.07,0.18,0.99,Wrong
307531,-1.22,-2.32,0.85,-0.03,0.59,0.8,Wrong
307541,0.79,-0.73,1.4,0.12,0.39,0.91,Correct
307646,0.85,-0.61,1.1,0.03,0.97,0.15,Correct
307737,1.4,0.98,2.5,0.32,0.17,0.93,Correct
308000,-0.12,-1.77,0.67,0.24,0.98,0.05,Wrong
308222,0.85,-0.92,1.46,0.07,0.19,0.99,Wrong
308531,4.46,0.24,2.69,-0.05,0.6,0.75,Wrong
308541,0.79,-0.98,1.28,0.12,0.39,0.91,Correct
308646,0.61,-0.67,1.4,0.03,0.97,0.14,Correct
308737,1.04,-0.12,1.95,0.33,0.17,0.92,Correct
309000,-4.94,-4.33,-2.69,0.26,0.94,-0.01,Wrong
309222,0.67,-1.1,1.28,0.07,0.18,0.99,Wrong
309531,0.61,-1.77,1.83,-0.07,0.61,0.78,Wrong
309541,0.79,-0.67,1.46,0.12,0.39,0.91,Correct
309646,0.49,-15.5,1.4,0.03,0.97,0.14,Correct
309737,0.85,-0.43,1.59,0.33,0.18,0.92,Correct
310000,0.98,-3.11,1.28,0.36,0.9,-0.15,Wrong
310222,0.31,-0.37,1.34,0.07,0.18,0.99,Wrong
310531,0.73,-1.65,0.12,-0.08,0.61,0.78,Wrong
310541,0.79,-0.67,1.4,0.12,0.39,0.91,Correct
310646,0.37,8.48,2.62,0.05,0.96,0.19,Correct
310737,0,0.49,1.71,0.38,0.18,0.88,Correct
311000,-0.18,-2.69,-0.79,0.28,0.9,-0.03,Wrong
311222,0.73,-0.79,1.53,0.07,0.18,0.99,Wrong
311531,1.1,0.18,1.83,-0.07,0.62,0.78,Wrong
311541,0.73,-0.55,1.53,0.12,0.39,0.91,Correct
311646,4.15,9.22,1.77,0.15,0.95,0.06,Correct
311737,0.79,-1.04,2.01,0.34,0.18,0.92,Correct
312000,0.43,0.31,2.5,0.33,0.91,-0.06,Wrong
312222,0.61,-0.61,1.59,0.06,0.18,0.99,Wrong
312531,0.98,-0.49,1.28,-0.08,0.62,0.78,Wrong
312541,1.1,-0.98,1.46,0.12,0.39,0.91,Correct
312646,-12.21,23.99,-0.06,0.31,0.95,-0.03,Correct
312737,1.34,-1.04,3.17,0.33,0.18,0.91,Correct
313000,1.95,28.56,15.5,0.18,1.03,-0.02,Wrong
313222,0.61,-0.67,1.34,0.07,0.19,0.99,Wrong
313531,0.43,-2.75,1.1,-0.09,0.63,0.79,Wrong
313541,0.73,-0.98,1.34,0.12,0.39,0.91,Correct
313646,8.12,14.65,13.18,0.12,0.97,0.21,Correct
313737,0.55,-1.28,1.1,0.31,0.18,0.94,Correct
314000,-4.88,-2.99,2.93,0.19,0.99,0.07,Wrong
314222,0.98,-0.98,1.59,0.07,0.19,0.99,Wrong
314531,0.85,1.46,3.3,-0.08,0.62,0.79,Wrong
314541,0.79,-0.31,1.59,0.12,0.39,0.91,Correct
314646,-2.87,-2.5,2.75,-0.07,0.94,0.25,Correct
314737,1.4,-0.12,2.93,0.29,0.18,0.93,Correct
315000,-1.4,14.04,3.72,0.21,0.98,0.08,Wrong
315222,0.73,-0.55,1.59,0.07,0.19,0.99,Wrong
315531,2.14,-0.12,1.65,-0.08,0.61,0.79,Wrong
315541,0.92,-0.67,1.65,0.12,0.39,0.91,Correct
315646,-0.24,-15.63,-3.11,-0.1,0.96,0.2,Correct
315737,0.79,-0.37,1.28,0.3,0.18,0.93,Correct
316000,2.62,-9.95,1.04,0.09,0.95,0.14,Wrong
316222,0.67,-0.67,1.4,0.07,0.19,0.99,Wrong
316531,0.79,0.24,1.28,-0.08,0.63,0.78,Wrong
316541,0.79,-0.31,1.65,0.12,0.39,0.91,Correct
316646,2.93,-14.1,-0.49,0.03,0.96,0.2,Correct
316737,0.43,0.18,0.98,0.33,0.18,0.93,Correct
317000,-1.89,2.62,2.75,0.11,0.97,0.06,Wrong
317222,0.92,-0.92,1.46,0.06,0.19,0.99,Wrong
317531,1.16,-0.06,0.98,-0.08,0.63,0.78,Wrong
317541,0.85,-0.67,1.28,0.13,0.39,0.91,Correct
317646,1.16,7.02,5.43,-0.01,0.97,0.15,Correct
317737,0.79,-1.95,1.83,0.33,0.18,0.93,Correct
318000,-0.37,0.43,1.83,0.1,0.97,0.04,Wrong
318222,1.1,-1.4,1.34,0.07,0.19,0.99,Wrong
318531,1.71,-1.59,1.1,-0.08,0.62,0.78,Wrong
318541,0.73,-0.43,1.83,0.12,0.39,0.91,Correct
318646,0.49,2.32,2.93,-0.05,0.98,0.11,Correct
318737,0.79,-0.43,1.77,0.33,0.18,0.93,Correct
319000,-0.12,2.32,2.69,0.09,0.97,0.06,Wrong
319222,0.79,-0.85,1.34,0.07,0.19,0.99,Wrong
319531,0.43,-1.16,0.98,-0.08,0.63,0.78,Wrong
319541,0.98,-0.92,1.46,0.12,0.39,0.91,Correct
319646,1.22,1.22,2.08,-0.06,0.97,0.14,Correct
319737,1.1,-0.92,1.71,0.33,0.18,0.93,Correct
320000,1.28,-3.72,-0.98,0.1,0.97,0.03,Wrong
320222,1.28,-1.71,1.89,0.06,0.19,0.99,Wrong
320531,1.4,0.18,1.89,-0.08,0.63,0.78,Wrong
320541,1.77,-1.77,1.83,0.11,0.4,0.93,Correct
320646,0.43,-1.77,1.46,-0.06,0.97,0.14,Correct
320737,0.98,-1.95,0.67,0.35,0.17,0.92,Correct
321000,1.34,-7.32,2.38,0.08,0.98,0.02,Wrong
321222,0.67,-0.98,1.4,0.07,0.18,0.99,Wrong
321531,0.55,-1.16,2.5,-0.08,0.63,0.78,Wrong
321541,0.92,-6.71,-0.61,0.15,0.29,0.98,Correct
321646,0.85,-0.31,1.22,-0.07,0.97,0.14,Correct
321737,1.71,1.77,3.72,0.36,0.18,0.91,Correct
322000,0.43,-2.08,2.01,0.07,0.99,0.06,Wrong
322222,0.73,-0.85,1.83,0.07,0.18,0.99,Wrong
322531,-3.6,-1.89,1.34,-0.1,0.67,0.75,Wrong
322541,13.12,4.88,4.15,0.2,0.18,0.97,Correct
322646,1.16,1.53,1.46,-0.06,0.97,0.13,Correct
322737,-3.11,-2.81,3.23,0.5,0.27,0.77,Correct
323000,1.34,1.71,2.93,0.06,0.98,0.05,Wrong
323222,0.24,-0.55,1.59,0.08,0.18,0.99,Wrong
323531,-0.73,-0.12,2.26,-0.11,0.68,0.71,Wrong
323541,15.63,-0.43,-2.56,0.25,-0.07,0.95,Correct
323646,6.71,-10.62,-9.09,0.02,0.99,0.17,Correct
323737,10.01,12.51,3.17,0.37,0.22,0.94,Correct
324000,0.49,-0.18,2.99,0.04,0.98,0.04,Wrong
324222,0.92,-0.61,1.59,0.08,0.18,0.99,Wrong
324531,1.71,1.16,2.5,-0.12,0.69,0.7,Wrong
324541,7.75,-2.44,3.6,0.19,-0.2,0.95,Correct
324646,3.66,-27.59,-7.45,0.08,0.91,0.3,Correct
324737,0.24,-10.07,-0.73,0.31,0.18,0.94,Correct
325000,1.59,-0.24,1.89,0.04,0.98,0.05,Wrong
325222,0.73,-0.43,1.65,0.07,0.18,0.99,Wrong
325531,1.34,-1.4,1.28,-0.13,0.7,0.7,Wrong
325541,-0.12,-1.34,1.53,0.26,-0.21,0.97,Correct
325646,-6.9,-18.01,-8,0.19,0.93,0.27,Correct
325737,0.12,2.81,2.26,0.29,0.18,0.95,Correct
326000,2.56,-2.81,1.89,0.03,0.97,0.08,Wrong
326222,0.73,-0.61,1.46,0.08,0.18,0.99,Wrong
326531,0.61,0.24,1.65,-0.12,0.69,0.71,Wrong
326541,3.3,0.55,0.79,0.26,-0.23,0.91,Correct
326646,-2.44,-0.49,8.73,0.13,0.94,0.26,Correct
326737,0.73,3.42,2.75,0.3,0.2,0.91,Correct
327000,2.32,-0.98,3.3,0.03,0.98,0.09,Wrong
327222,0.73,-0.73,1.59,0.07,0.18,0.99,Wrong
327531,-1.95,-0.49,1.22,-0.12,0.69,0.71,Wrong
327541,-0.37,-0.61,1.59,0.26,-0.2,0.96,Correct
327646,2.26,-3.42,6.16,-0.08,0.97,0.19,Correct
327737,0.85,0,1.83,0.3,0.19,0.93,Correct
328000,0.49,-0.73,0.61,0.03,0.98,0.1,Wrong
328222,0.73,-0.85,1.46,0.07,0.18,0.99,Wrong
328531,-1.28,-7.14,-0.37,-0.15,0.71,0.69,Wrong
328541,1.59,-0.49,2.08,0.25,-0.18,0.96,Correct
328646,2.87,-3.97,-5.31,0,0.95,0.28,Correct
328737,0.92,1.1,2.87,0.28,0.19,0.94,Correct
329000,1.16,-1.04,1.89,0.03,0.97,0.12,Wrong
329222,0.67,-0.79,1.53,0.07,0.18,0.99,Wrong
329531,0.49,-0.79,2.14,-0.15,0.71,0.68,Wrong
329541,-1.16,-2.75,1.28,0.24,-0.17,0.96,Correct
329646,2.99,-9.22,-8.91,0.16,0.88,0.28,Correct
329737,1.71,-2.08,0.67,0.27,0.2,0.95,Correct
330000,-4.82,4.27,1.95,0.05,0.99,0.1,Wrong
330222,0.73,-0.79,1.59,0.07,0.18,0.99,Wrong
330531,0.43,0.24,4.15,-0.16,0.71,0.71,Wrong
330541,1.59,-0.18,2.62,0.25,-0.17,0.97,Correct
330646,-3.48,17.76,16.05,0,0.97,0.22,Correct
330737,1.22,-0.98,2.56,0.26,0.18,0.95,Correct
331000,1.89,1.77,3.72,0.03,0.99,0.08,Wrong
331222,0.85,-0.73,1.53,0.08,0.18,0.99,Wrong
331531,1.59,-2.26,1.71,-0.19,0.71,0.68,Wrong
331541,0.67,-3.48,3.05,0.23,-0.17,0.96,Correct
331646,0.55,8.73,-2.14,-0.01,0.98,0.24,Correct
331737,1.04,-1.34,1.53,0.26,0.17,0.95,Correct
332000,3.54,-12.21,4.64,0.09,0.96,0.14,Wrong
332222,0.85,-0.85,1.53,0.07,0.18,0.99,Wrong
332531,0.67,0.12,1.04,-0.18,0.71,0.69,Wrong
332541,-1.65,-2.87,1.71,0.21,-0.14,0.99,Correct
332646,-1.77,-8.42,1.04,-0.01,0.98,0.13,Correct
332737,0.43,-0.31,2.08,0.26,0.18,0.94,Correct
333000,-0.12,-4.21,0.12,0.07,0.95,0.16,Wrong
333222,0.73,-0.79,1.46,0.07,0.18,0.99,Wrong
333531,0.67,-2.81,0,-0.18,0.7,0.68,Wrong
333541,-0.79,-0.67,1.1,0.2,-0.12,0.99,Correct
333646,0.06,-0.12,1.77,-0.01,0.98,0.12,Correct
333737,0.55,0.37,0.79,0.29,0.2,0.94,Correct
334000,-1.16,2.44,3.42,0.05,0.97,0.18,Wrong
334222,0.61,-0.98,1.46,0.07,0.18,0.99,Wrong
334531,0.24,-3.17,-0.12,-0.2,0.71,0.69,Wrong
334646,1.53,1.28,2.2,0,0.97,0.12,Correct
334737,-1.34,3.23,-0.06,0.33,0.19,0.93,Correct
335000,0.43,1.65,2.81,0.04,0.96,0.19,Wrong
335222,0.67,-0.55,1.4,0.07,0.18,0.99,Wrong
335531,1.22,-0.85,1.83,-0.19,0.71,0.66,Wrong
335646,0.73,-4.7,0.92,0.01,0.98,0.1,Correct
335737,0.98,-2.81,1.77,0.35,0.19,0.92,Correct
336000,0.43,-0.79,1.28,0.03,0.96,0.18,Wrong
336222,1.1,-0.61,1.71,0.07,0.18,0.99,Wrong
336531,0.43,-0.67,1.59,-0.19,0.7,0.68,Wrong
336646,-0.79,-0.67,1.71,0,0.98,0.08,Correct
336737,0.55,-0.61,1.1,0.32,0.19,0.93,Correct
337000,-1.04,2.14,-1.59,0.04,0.97,0.19,Wrong
337222,0.79,-0.92,1.4,0.07,0.18,0.99,Wrong
337531,1.34,-0.55,1.59,-0.18,0.71,0.67,Wrong
337646,2.01,0.67,1.65,0.01,0.98,0.1,Correct
337737,0.85,0.24,1.53,0.33,0.2,0.93,Correct
338000,0.49,-0.18,2.26,0.06,0.96,0.2,Wrong
338222,1.34,-0.37,2.01,0.08,0.18,0.99,Wrong
338531,0.55,3.11,-5.25,-0.15,0.71,0.69,Wrong
338646,1.16,-0.37,1.59,0.01,0.97,0.1,Correct
338737,0.85,3.11,2.01,0.42,0.2,0.9,Correct
339000,1.59,-2.08,2.08,0.06,0.97,0.19,Wrong
339222,0.98,-1.4,2.01,0.07,0.18,0.99,Wrong
339531,-0.06,2.08,5.13,-0.1,0.73,0.66,Wrong
339646,0.85,-1.1,1.34,0,0.97,0.11,Correct
339737,1.4,1.46,4.76,0.39,0.23,0.9,Correct
340222,0.73,-0.55,1.71,0.07,0.18,0.99,Wrong
340531,0.43,-3.3,0.98,-0.1,0.72,0.69,Wrong
340646,0.31,-0.18,1.65,0,0.98,0.11,Correct
340737,0.49,-0.79,2.01,0.37,0.19,0.92,Correct
341222,0.92,-0.73,1.4,0.07,0.18,0.99,Wrong
341531,-0.31,0.73,1.59,-0.12,0.73,0.66,Wrong
341646,0.43,-0.37,1.71,0,0.98,0.1,Correct
341737,0.55,-3.17,1.59,0.38,0.21,0.9,Correct
342222,0.98,-0.73,1.53,0.07,0.18,0.99,Wrong
342531,1.04,-1.59,1.4,-0.1,0.74,0.65,Wrong
342646,1.34,-1.4,1.59,0.01,0.97,0.08,Correct
342737,1.04,-0.73,2.2,0.36,0.21,0.91,Correct
343222,0.98,-0.92,1.53,0.07,0.18,0.99,Wrong
343531,-0.85,-4.21,1.77,-0.13,0.75,0.63,Wrong
343646,1.1,-1.1,1.53,0,0.98,0.1,Correct
343737,0.98,-0.92,1.4,0.36,0.2,0.91,Correct
344222,0.98,-0.37,0.92,0.09,0.19,0.99,Wrong
344531,-2.14,-0.85,3.72,-0.14,0.78,0.59,Wrong
344646,0.49,-0.18,1.65,0,0.98,0.1,Correct
344737,1.22,-1.59,2.01,0.35,0.2,0.91,Correct
345222,0.55,-0.73,1.65,0.08,0.18,0.99,Wrong
345531,0.92,-1.28,0.98,-0.15,0.79,0.59,Wrong
345646,1.16,-0.73,1.65,0.01,0.98,0.1,Correct
345737,1.04,-0.18,1.77,0.34,0.2,0.92,Correct
346222,0.67,-0.79,1.16,0.07,0.18,0.99,Wrong
346531,0.06,0.61,1.04,-0.13,0.79,0.59,Wrong
346646,0.92,-0.43,1.34,0,0.98,0.1,Correct
346737,0.98,-1.22,1.59,0.33,0.19,0.92,Correct
347222,0.55,-1.22,1.16,0.07,0.18,0.99,Wrong
347531,-5.68,12.51,-0.73,-0.1,0.84,0.51,Wrong
347646,0.73,-0.98,1.28,0.01,0.98,0.09,Correct
347737,0.73,-2.26,1.34,0.33,0.19,0.94,Correct
348222,-2.2,-2.56,2.32,0.05,0.22,0.98,Wrong
348531,0.67,-0.18,3.91,-0.01,0.74,0.56,Wrong
348646,1.16,-0.85,1.83,0,0.98,0.1,Correct
348737,0.85,-0.73,1.53,0.33,0.2,0.92,Correct
349222,0.79,-1.16,1.53,0.06,0.22,0.98,Wrong
349531,-3.72,5.25,6.84,-0.14,0.82,0.53,Wrong
349646,1.1,-0.67,1.65,0.01,0.97,0.1,Correct
349737,0,1.04,0.61,0.33,0.19,0.93,Correct
350531,2.26,-4.27,2.32,-0.13,0.81,0.57,Wrong
350646,0.73,-0.06,1.71,0,0.98,0.1,Correct
350737,0.24,1.65,1.89,0.35,0.19,0.9,Correct
351531,-5.8,4.46,2.93,-0.15,0.82,0.54,Wrong
351646,0.55,-0.49,1.4,0.01,0.98,0.1,Correct
351737,0.98,-1.16,1.95,0.35,0.2,0.91,Correct
352531,2.26,3.54,3.11,-0.25,0.81,0.49,Wrong
352646,1.34,-1.04,1.83,0,0.98,0.11,Correct
352737,0.67,3.05,4.88,0.34,0.18,0.94,Correct
353531,-2.5,-2.08,4.64,-0.25,0.86,0.47,Wrong
353646,0.61,-0.43,1.22,0,0.98,0.11,Correct
353737,1.46,-2.99,2.81,0.35,0.19,0.91,Correct
354531,1.16,0.18,2.56,-0.27,0.83,0.46,Wrong
354646,1.1,-0.73,1.28,0,0.98,0.11,Correct
354737,0.61,-2.08,1.65,0.34,0.19,0.93,Correct
355531,0.43,-3.36,0.12,-0.29,0.83,0.46,Wrong
355646,0.98,-1.59,1.16,0.01,0.97,0.11,Correct
355737,-1.04,0.67,0.73,0.34,0.2,0.92,Correct
356531,0.73,-0.73,1.83,-0.28,0.83,0.46,Wrong
356646,0.67,-0.18,1.71,0.01,0.98,0.11,Correct
356737,0.18,-0.24,-0.24,0.38,0.2,0.9,Correct
357531,0.79,-3.11,0.12,-0.29,0.84,0.45,Wrong
357646,2.14,-2.38,1.1,0.01,0.98,0.1,Correct
357737,0.92,-3.85,0.67,0.36,0.22,0.9,Correct
358531,1.1,-1.16,1.28,-0.29,0.84,0.45,Wrong
358737,0.79,-0.24,1.53,0.36,0.19,0.92,Correct
359531,0.73,-1.28,1.59,-0.29,0.84,0.46,Wrong
359737,3.36,-2.62,5.07,0.35,0.21,0.91,Correct
360531,0.43,-3.23,-0.31,-0.27,0.83,0.46,Wrong
360737,0.79,-1.28,1.95,0.34,0.21,0.92,Correct
361531,1.16,-1.65,0.61,-0.28,0.86,0.47,Wrong
361737,0.67,0.67,0.85,0.39,0.19,0.89,Correct
362531,0.55,-1.16,0.98,-0.28,0.84,0.44,Wrong
362737,1.59,-1.1,2.69,0.37,0.2,0.89,Correct
363531,0.92,-1.34,0.67,-0.28,0.84,0.44,Wrong
363737,-0.24,2.75,-0.37,0.37,0.19,0.89,Correct
364531,0.79,-3.05,0.79,-0.29,0.86,0.44,Wrong
364737,1.59,-1.59,2.99,0.4,0.19,0.89,Correct
365531,1.4,-1.1,1.4,-0.29,0.86,0.45,Wrong
365737,0.98,0.12,1.65,0.41,0.19,0.88,Correct
366531,0.43,-1.89,0.98,-0.28,0.85,0.44,Wrong
366737,1.04,-0.37,1.89,0.41,0.2,0.88,Correct
367531,0.24,-0.92,1.83,-0.27,0.84,0.44,Wrong
367737,0.61,-1.89,0.92,0.4,0.19,0.88,Correct
368531,0.37,3.72,4.39,-0.27,0.86,0.43,Wrong
368737,0.43,-3.42,-0.18,0.41,0.19,0.89,Correct
369531,0.12,-2.44,0.92,-0.28,0.86,0.43,Wrong
369737,1.22,-1.16,2.14,0.41,0.21,0.89,Correct
370531,0.24,0.67,1.71,-0.27,0.86,0.42,Wrong
370737,1.1,-1.4,1.77,0.39,0.2,0.89,Correct
371531,0.79,1.22,0.98,-0.25,0.85,0.42,Wrong
371737,0.98,-0.73,1.65,0.4,0.21,0.89,Correct
372531,2.69,-10.13,-3.66,-0.28,0.86,0.41,Wrong
372737,0.98,-2.2,1.4,0.39,0.19,0.89,Correct
373531,1.28,-1.83,1.34,-0.27,0.87,0.4,Wrong
373737,1.77,0,2.01,0.38,0.2,0.9,Correct
374531,0.85,-1.71,0.49,-0.27,0.87,0.39,Wrong
374737,1.04,-1.95,1.4,0.4,0.2,0.89,Correct
375531,0.79,-0.73,1.34,-0.26,0.86,0.39,Wrong
375737,0.79,-0.85,0.55,0.4,0.21,0.89,Correct
376531,0.37,-0.98,1.59,-0.28,0.88,0.4,Wrong
376737,0.49,-0.43,0.55,0.4,0.18,0.9,Correct
377531,0.98,-1.46,1.28,-0.27,0.87,0.4,Wrong
377737,1.16,-0.79,1.59,0.41,0.2,0.89,Correct
378531,0.55,-0.61,1.22,-0.27,0.87,0.39,Wrong
378737,0.73,-0.49,1.65,0.4,0.2,0.88,Correct
379531,0.18,-1.53,3.23,-0.29,0.88,0.4,Wrong
379737,0.98,-0.85,1.77,0.4,0.2,0.89,Correct
380531,0.55,-0.31,1.95,-0.27,0.87,0.39,Wrong
380737,1.1,-0.85,1.89,0.4,0.2,0.89,Correct
381737,0.43,1.4,3.05,0.39,0.2,0.88,Correct
382737,1.53,2.56,6.41,0.41,0.22,0.9,Correct
383737,1.04,-1.34,1.4,0.43,0.23,0.86,Correct
384737,0.18,0.06,0.06,0.44,0.22,0.87,Correct
385737,0.37,-0.37,0.61,0.44,0.22,0.86,Correct
386737,0.67,-0.37,1.65,0.44,0.22,0.86,Correct
387737,0.98,-0.73,1.83,0.44,0.22,0.87,Correct
388737,0.92,-1.22,1.4,0.44,0.22,0.87,Correct
389737,0.67,-0.55,1.46,0.44,0.22,0.86,Correct
390737,1.04,-1.04,1.89,0.44,0.22,0.87,Correct
391737,0.92,-0.18,1.22,0.43,0.21,0.86,Correct
392737,0.24,0.55,1.34,0.46,0.21,0.86,Correct
393737,1.1,0.18,1.77,0.45,0.21,0.86,Correct
394737,0.98,-0.61,1.65,0.45,0.21,0.86,Correct
395737,1.04,-1.04,1.59,0.45,0.21,0.86,Correct
396737,0,-3.6,-0.49,0.43,0.21,0.86,Correct
397737,1.28,0.92,2.2,0.41,0.21,0.87,Correct
398737,0.43,-0.37,0.92,0.4,0.21,0.89,Correct
399737,1.71,-0.98,2.56,0.38,0.2,0.9,Correct
400737,1.4,-0.24,2.75,0.36,0.2,0.91,Correct
,0.776790816,-0.722061224,1.575443878,0.100545918,0.485571429,0.661229592,
,1.490773241,2.619043608,1.432496832,0.133388164,0.36304295,0.402160663,
